condition,algorithm,final_perf_at_noise_0,final_perf_at_noise_max,drop_clean_to_noisy,noise_slope,final_perf_mean_all_noise
dreamteam,dreamteam,0.997,0.8781111111111111,0.11888888888888893,-0.12531746031746005,0.9494259259259259
cocabo,cocabo,1.0,0.8423333333333333,0.15766666666666673,-0.1701111111111108,0.9354259259259258
gp_onehot,gp_onehot,1.0,0.7941111111111111,0.2058888888888889,-0.22388888888888825,0.9061666666666667
casmopolitan,casmopolitan,1.0,0.7845555555555557,0.21544444444444433,-0.23930158730158718,0.8972222222222221
gp_ts,gp_ts,1.0,0.7782222222222221,0.22177777777777785,-0.247952380952381,0.8931666666666667
gp_nei,gp_nei,1.0,0.7225555555555556,0.2774444444444444,-0.2956666666666665,0.8546111111111111
purexp,purexp,1.0,0.7028888888888889,0.2971111111111111,-0.32257142857142856,0.852037037037037
gp_ucb,gp_ucb,0.9864444444444443,0.704,0.2824444444444444,-0.30725396825396845,0.8476851851851852
kg,kg,1.0,0.6743333333333332,0.32566666666666677,-0.35258730158730195,0.8419444444444445
bocs,bocs,1.0,0.67,0.32999999999999996,-0.35668253968253927,0.8320925925925926
sts,sts,1.0,0.6566666666666667,0.34333333333333327,-0.36344444444444424,0.8313518518518519
linucb,linucb,0.9883333333333333,0.6557777777777777,0.3325555555555556,-0.3638253968253967,0.8205
cucb,cucb,0.8385555555555556,0.7582222222222221,0.08033333333333348,-0.0959047619047619,0.8133333333333334
glm_fpl,glm_fpl,0.9545555555555555,0.6582222222222222,0.29633333333333334,-0.3292063492063493,0.8062592592592592
bootnn,bootnn,0.9673333333333334,0.6527777777777778,0.3145555555555556,-0.3412857142857141,0.8007962962962963
bayesgap,bayesgap,0.8945555555555557,0.661,0.23355555555555563,-0.26336507936507947,0.7916296296296297
neurallinear,neurallinear,0.9638888888888889,0.6312222222222221,0.3326666666666668,-0.34973015873015895,0.7889074074074074
cts,cts,0.8308888888888889,0.7186666666666667,0.11222222222222222,-0.11882539682539668,0.7792222222222223
bocs_hs,bocs_hs,0.933,0.6287777777777779,0.30422222222222217,-0.3233968253968252,0.7759259259259258
regevo,regevo,0.9591111111111112,0.5939999999999999,0.3651111111111114,-0.37787301587301564,0.7471481481481481
smac,smac,0.9101111111111111,0.6197777777777779,0.2903333333333332,-0.295333333333333,0.7442592592592594
sa,sa,0.9045555555555557,0.5798888888888888,0.3246666666666669,-0.3358412698412698,0.7247777777777777
ols,ols,0.936,0.5485555555555557,0.38744444444444437,-0.3918730158730158,0.7157407407407407
combo_slice,combo_slice,0.748,0.574,0.17400000000000004,-0.179269841269841,0.6518888888888889
combo,combo,0.757,0.5691111111111111,0.18788888888888888,-0.19547619047619028,0.6505740740740739
random,random,0.3208888888888889,0.3228888888888889,-0.0020000000000000018,0.001174603174603189,0.3246296296296296
