algorithm,mean_performance,best_algorithm,best_mean_performance,mean_difference,ci95_low,ci95_high,n_paired,wilcoxon_p,cliffs_delta,holm_p,significant_at_0.05
cocabo,0.935425925925926,dreamteam,0.9494259259259259,0.014,0.010256545329142039,0.01774345467085796,3000,7.940175298211742e-13,0.067,7.940175298211742e-13,True
gp_onehot,0.9061666666666667,dreamteam,0.9494259259259259,0.043259259259259254,0.03896988927141399,0.04754862924710452,3000,1.0047546121678376e-75,0.19333333333333333,2.0095092243356752e-75,True
casmopolitan,0.8972222222222224,dreamteam,0.9494259259259259,0.0522037037037037,0.047774805493507065,0.05663260191390033,3000,3.5112172157467056e-97,0.22966666666666666,1.0533651647240116e-96,True
gp_ts,0.8931666666666667,dreamteam,0.9494259259259259,0.056259259259259266,0.051558207805283175,0.060960310713235356,3000,6.334641648637502e-100,0.23266666666666666,2.533856659455001e-99,True
gp_nei,0.8546111111111112,dreamteam,0.9494259259259259,0.09481481481481482,0.08951767330549532,0.10011195632413433,3000,9.841668463374503e-184,0.37133333333333335,5.905001078024702e-183,True
purexp,0.8520370370370371,dreamteam,0.9494259259259259,0.09738888888888891,0.0918840867377808,0.10289369103999703,3000,2.1217845079173843e-181,0.36733333333333335,1.0608922539586922e-180,True
gp_ucb,0.8476851851851852,dreamteam,0.9494259259259259,0.10174074074074076,0.09634954826806609,0.10713193321341542,3000,2.1494547691532383e-196,0.40066666666666667,1.5046183384072668e-195,True
kg,0.8419444444444444,dreamteam,0.9494259259259259,0.10748148148148148,0.10198947567444482,0.11297348728851815,3000,2.8028403959792165e-204,0.409,2.2422723167833732e-203,True
bocs,0.8320925925925926,dreamteam,0.9494259259259259,0.11733333333333333,0.11153536227851157,0.12313130438815509,3000,3.005166318314377e-213,0.42733333333333334,3.005166318314377e-212,True
sts,0.8313518518518519,dreamteam,0.9494259259259259,0.11807407407407408,0.11221005100549,0.12393809714265816,3000,5.0780526331285785e-213,0.424,4.570247369815721e-212,True
linucb,0.8205,dreamteam,0.9494259259259259,0.12892592592592594,0.12299923907056523,0.13485261278128666,3000,4.948383359625778e-231,0.461,5.443221695588355e-230,True
cucb,0.8133333333333334,dreamteam,0.9494259259259259,0.1360925925925926,0.13062159886440453,0.14156358632078067,3000,1.5340771904493775e-262,0.553,1.840892628539253e-261,True
glm_fpl,0.8062592592592592,dreamteam,0.9494259259259259,0.1431666666666667,0.13724056972572418,0.1490927636076092,3000,1.6483885576306872e-263,0.526,2.1429051249198935e-262,True
bootnn,0.8007962962962962,dreamteam,0.9494259259259259,0.14862962962962964,0.14257619014054812,0.15468306911871116,3000,6.730681307717372e-267,0.5316666666666666,9.422953830804321e-266,True
bayesgap,0.7916296296296296,dreamteam,0.9494259259259259,0.1577962962962963,0.15196883441868,0.1636237581739126,3000,1.370207615177961e-291,0.5856666666666667,2.4663737073203297e-290,True
neurallinear,0.7889074074074074,dreamteam,0.9494259259259259,0.1605185185185185,0.1543399423532264,0.1666970946838106,3000,9.89241768635831e-285,0.5606666666666666,1.5827868298173297e-283,True
cts,0.7792222222222224,dreamteam,0.9494259259259259,0.1702037037037037,0.16365469188514478,0.1767527155222626,3000,1.205730163470555e-283,0.5713333333333334,1.8085952452058323e-282,True
bocs_hs,0.7759259259259259,dreamteam,0.9494259259259259,0.1735,0.1667646071533982,0.18023539284660178,3000,7.676916540686267e-286,0.5743333333333334,1.3050758119166653e-284,True
regevo,0.7471481481481482,dreamteam,0.9494259259259259,0.20227777777777783,0.1959550846646634,0.20860047089089226,3000,0.0,0.6696666666666666,0.0,True
smac,0.7442592592592593,dreamteam,0.9494259259259259,0.20516666666666666,0.19904821291824995,0.21128512041508338,3000,0.0,0.6903333333333334,0.0,True
sa,0.7247777777777779,dreamteam,0.9494259259259259,0.22464814814814818,0.2183376682440581,0.23095862805223827,3000,0.0,0.7193333333333334,0.0,True
ols,0.7157407407407409,dreamteam,0.9494259259259259,0.2336851851851852,0.22676225241420842,0.24060811795616197,3000,0.0,0.684,0.0,True
combo_slice,0.6518888888888889,dreamteam,0.9494259259259259,0.29753703703703704,0.2904768601191735,0.3045972139549006,3000,0.0,0.7856666666666666,0.0,True
combo,0.6505740740740741,dreamteam,0.9494259259259259,0.29885185185185187,0.2919817519442532,0.30572195175945055,3000,0.0,0.809,0.0,True
random,0.32462962962962966,dreamteam,0.9494259259259259,0.6247962962962964,0.6163219754233661,0.6332706171692267,3000,0.0,0.9826666666666667,0.0,True
