algorithm,switch_limit,condition,phase,noise_level,total_rounds,n_runs,first_round,final_round,final_perf_mean,final_perf_std,final_perf_sem,final_perf_median,simple_regret_mean,pct_exact_optimal,pct_zero_correct,auc_mean,auc_std,perf_at_25pct_rounds,perf_at_50pct_rounds,rounds_to_50pct,rounds_to_75pct,rounds_to_90pct,rounds_to_95pct,final_perf_nb3,final_perf_nb6,final_perf_nb9,baseline_mean,gap_to_baseline
dreamteam,none,dreamteam,pre,-1.0,300,3000,1,101,0.9494259259259259,0.0978891638712105,0.0017872034395860572,1.0,0.050574074074074105,74.53333333333333,0.0,0.8411288962229557,0.11843463810818458,0.7903518518518519,0.8885555555555555,4.0,19.0,57.0,,0.9940476190476191,0.9533898305084746,0.8965352449223417,0.940721340388007,-0.008704585537918863
cocabo,none,cocabo,pre,-1.0,300,3000,1,101,0.935425925925926,0.11352978483109673,0.00207276080335665,1.0,0.064574074074074,70.7,0.0,0.840038870553722,0.1260104602864139,0.8303518518518519,0.8882407407407408,5.0,16.0,61.0,,0.9904100529100529,0.9354990583804144,0.875746714456392,0.9280943562610229,-0.007331569664903115
gp_onehot,none,gp_onehot,pre,-1.0,300,3000,1,101,0.9061666666666667,0.13875206108862462,0.0025332544586191504,1.0,0.09383333333333332,62.46666666666667,0.0,0.7968670700403374,0.14557644714952936,0.7628148148148148,0.8425925925925926,5.0,23.0,97.0,,0.9808201058201059,0.8987758945386064,0.8336917562724014,0.8945608465608466,-0.01160582010582012
casmopolitan,none,casmopolitan,pre,-1.0,300,3000,1,101,0.8972222222222224,0.14670409580529306,0.002678438085031934,1.0,0.10277777777777763,60.6,0.0,0.795464063072974,0.14767200262233884,0.7636851851851852,0.843,5.0,23.0,,,0.9778439153439153,0.891713747645951,0.8161290322580645,0.8895776014109348,-0.0076446208112875835
gp_ts,none,gp_ts,pre,-1.0,300,3000,1,101,0.8931666666666667,0.14982323545193357,0.0027353855231810574,1.0,0.10683333333333334,59.199999999999996,0.0,0.7841618995232856,0.14965076656612478,0.7437962962962962,0.8340370370370371,5.0,28.0,,,0.9629629629629629,0.8965787821720026,0.8136200716845879,0.8848112874779541,-0.008355379188712542
gp_nei,none,gp_nei,pre,-1.0,300,3000,1,101,0.8546111111111112,0.1663203056325877,0.0030365794388707273,0.8888888888888888,0.1453888888888888,49.63333333333333,0.0,0.7708118811881187,0.16129616088713272,0.7495925925925926,0.8170925925925926,5.0,26.0,,,0.9375,0.8425925925925926,0.7784946236559139,0.849468253968254,-0.005142857142857227
purexp,none,purexp,pre,-1.0,300,3000,1,101,0.8520370370370371,0.17377362936558796,0.003172657890102489,1.0,0.14796296296296285,50.23333333333333,0.0,0.7896996699669968,0.14848198746528815,0.7843703703703704,0.8406666666666667,5.0,20.0,,,0.9322089947089947,0.8305084745762712,0.7897252090800478,0.8527477954144621,0.0007107583774249582
gp_ucb,none,gp_ucb,pre,-1.0,300,3000,1,101,0.8476851851851852,0.1699011585735369,0.003101956569899614,0.8888888888888888,0.1523148148148148,48.13333333333333,0.0,0.7643663366336634,0.16174399189504887,0.742574074074074,0.8126481481481481,5.0,28.0,,,0.9255952380952381,0.8366290018832392,0.7758661887694147,0.8422451499118165,-0.005440035273368671
kg,none,kg,pre,-1.0,300,3000,1,101,0.8419444444444444,0.17984734267793145,0.0032835482164021543,0.8888888888888888,0.15805555555555562,49.43333333333334,0.0,0.7788573524019069,0.16358507541300255,0.7803333333333333,0.8196851851851852,5.0,18.0,,,0.931216931216931,0.8294099183929693,0.7594982078853048,0.839289241622575,-0.0026552028218693735
bocs,none,bocs,pre,-1.0,300,3000,1,101,0.8320925925925926,0.18784278947644417,0.00342952443536475,0.8888888888888888,0.1679074074074074,48.1,0.0,0.7702860286028602,0.15680560392609558,0.7731666666666667,0.810574074074074,5.0,21.0,,,0.9322089947089947,0.8105775266792217,0.7481481481481482,0.8301049382716049,-0.0019876543209876862
sts,none,sts,pre,-1.0,300,3000,1,101,0.8313518518518519,0.19091234459065293,0.0034855665879499993,0.8888888888888888,0.1686481481481481,48.1,0.0,0.7692572423909056,0.15827635642195592,0.776074074074074,0.8105925925925926,5.0,21.0,,,0.9341931216931216,0.8127746390458256,0.7410991636798088,0.8278350970017636,-0.0035167548500882884
linucb,none,linucb,pre,-1.0,300,3000,1,101,0.8205,0.19045826770882224,0.0034772763162493237,0.8333333333333334,0.1795,45.36666666666667,0.0,0.7641453978731206,0.1677712758235755,0.7677592592592593,0.8012222222222222,5.0,18.0,,,0.9067460317460317,0.8083804143126178,0.7408602150537634,0.8167645502645502,-0.003735449735449814
cucb,none,cucb,pre,-1.0,300,3000,1,101,0.8133333333333334,0.15453014202155732,0.0028213214866561302,0.8333333333333334,0.18666666666666665,31.8,0.0,0.7470623395672901,0.14198386685846737,0.7250925925925926,0.7782037037037037,4.0,35.0,,,0.9117063492063492,0.8063402385436285,0.7146953405017922,0.8078245149911818,-0.005508818342151556
glm_fpl,none,glm_fpl,pre,-1.0,300,3000,1,101,0.8062592592592592,0.1875193039094799,0.003423618423962961,0.8333333333333334,0.19374074074074077,38.36666666666667,0.0,0.7314211587825448,0.15914112898021118,0.7069629629629629,0.7669814814814815,5.0,40.0,,,0.896494708994709,0.7893910860012554,0.7277180406212664,0.7992971781305114,-0.0069620811287478546
bootnn,none,bootnn,pre,-1.0,300,3000,1,101,0.8007962962962962,0.1877016030009751,0.0034269467347837813,0.8333333333333334,0.19920370370370377,37.7,0.0,0.7096811514484781,0.15768703926492575,0.6602407407407407,0.7450185185185185,5.0,51.0,,,0.8839285714285714,0.7832705586942875,0.7307048984468341,0.7940246913580247,-0.006771604938271558
bayesgap,none,bayesgap,pre,-1.0,300,3000,1,101,0.7916296296296296,0.17938487900714087,0.0032751048235848657,0.8333333333333334,0.20837037037037043,32.53333333333333,0.0,0.7349409607627427,0.16647518685612847,0.7358703703703703,0.7663888888888888,5.0,34.0,,,0.9057539682539681,0.7693032015065914,0.6934289127837515,0.7888994708994709,-0.002730158730158694
neurallinear,none,neurallinear,pre,-1.0,300,3000,1,101,0.7889074074074074,0.1940493338414534,0.003542839913793821,0.8333333333333334,0.2110925925925926,36.46666666666666,0.0,0.7197493582691601,0.1649895940032564,0.7090370370370369,0.7576111111111111,5.0,44.0,,,0.8789682539682538,0.7757376020087885,0.7063321385902032,0.7827292768959435,-0.006178130511463875
cts,none,cts,pre,-1.0,300,3000,1,101,0.7792222222222224,0.1886477286792424,0.0034442205473245104,0.7777777777777778,0.22077777777777763,32.5,0.0,0.6700946094609461,0.16346256528716827,0.6117777777777778,0.6977777777777778,9.0,80.0,,,0.9265873015873016,0.7598870056497176,0.6415770609318996,0.7654514991181657,-0.013770723104056692
bocs_hs,none,bocs_hs,pre,-1.0,300,3000,1,101,0.7759259259259259,0.21027366141764997,0.0038390542535883536,0.8333333333333334,0.2240740740740741,35.699999999999996,0.06666666666666667,0.6627418408507517,0.1907806947829809,0.5875185185185184,0.689425925925926,5.0,81.0,,,0.8994708994708994,0.7743251726302575,0.643847072879331,0.7630652557319224,-0.012860670194003498
regevo,none,regevo,pre,-1.0,300,3000,1,101,0.7471481481481482,0.19564838083177719,0.003572034384030857,0.6666666666666666,0.25285185185185177,27.900000000000002,0.0,0.6826991199119912,0.15720829520118065,0.6556296296296297,0.7137777777777778,5.0,,,,0.845568783068783,0.724419334588826,0.6664277180406213,0.7418977072310405,-0.0052504409171076905
smac,none,smac,pre,-1.0,300,3000,1,101,0.7442592592592593,0.18560081425548983,0.0033885917553019393,0.6666666666666666,0.2557407407407407,25.033333333333335,0.0,0.6731974697469747,0.1464289455923797,0.6473518518518518,0.6999074074074074,5.0,,,,0.8505291005291005,0.7219083490269932,0.654599761051374,0.7386904761904761,-0.005568783068783167
sa,none,sa,pre,-1.0,300,3000,1,101,0.7247777777777779,0.19186538059978395,0.003502966565293858,0.6666666666666666,0.27522222222222215,23.533333333333335,0.0,0.6554193252658599,0.16558772966551646,0.6326666666666667,0.6852962962962962,8.0,,,,0.8353174603174603,0.7102950408035154,0.621505376344086,0.7176419753086419,-0.007135802469135921
ols,none,ols,pre,-1.0,300,3000,1,101,0.7157407407407409,0.21603013676066193,0.003944152633491352,0.6666666666666666,0.2842592592592591,28.03333333333333,0.0,0.6316149614961496,0.19735460743135697,0.5922037037037037,0.6618148148148147,11.0,,,,0.8445767195767195,0.71217827997489,0.5801672640382317,0.7079435626102292,-0.007797178130511728
combo_slice,none,combo_slice,pre,-1.0,300,3000,1,101,0.6518888888888889,0.20914755614552213,0.0038184944782660235,0.6666666666666666,0.34811111111111115,18.4,0.0,0.6169844151081775,0.18960310888239437,0.6139814814814815,0.6283888888888889,5.0,,,,0.8204365079365079,0.6104833647206528,0.5164874551971327,0.647116402116402,-0.0047724867724868725
combo,none,combo,pre,-1.0,300,3000,1,101,0.6505740740740741,0.19939249569425035,0.003640392256299754,0.6666666666666666,0.3494259259259259,15.6,0.0,0.6278714704803814,0.18518381897377614,0.6333703703703704,0.6462037037037037,5.0,,,,0.7840608465608465,0.6194287507846831,0.5414575866188769,0.6501208112874779,-0.0004532627865961869
random,none,random,pre,-1.0,300,3000,1,101,0.32462962962962966,0.21595675997776892,0.003942812962851763,0.3333333333333333,0.6753703703703704,1.1666666666666667,15.1,0.31968225155848917,0.055583785115086284,0.3207037037037037,0.32416666666666666,,,,,0.32242063492063494,0.3264281230382925,0.32497013142174425,0.31940035273368605,-0.005229276895943602
bocs,none,bocs,pre,0.0,300,500,1,101,1.0,0.0,0.0,1.0,0.0,100.0,0.0,0.937049504950495,0.028897394080584154,0.975,1.0,4.0,11.0,17.0,22.0,1.0,1.0,1.0,1.0,0.0
casmopolitan,none,casmopolitan,pre,0.0,300,500,1,101,1.0,0.0,0.0,1.0,0.0,100.0,0.0,0.9389735973597358,0.030509683233033685,0.9866666666666666,1.0,4.0,11.0,17.0,22.0,1.0,1.0,1.0,1.0,0.0
cocabo,none,cocabo,pre,0.0,300,500,1,101,1.0,0.0,0.0,1.0,0.0,100.0,0.0,0.9483729372937294,0.019281569089742705,1.0,1.0,4.0,11.0,12.0,15.0,1.0,1.0,1.0,1.0,0.0
gp_nei,none,gp_nei,pre,0.0,300,500,1,101,1.0,0.0,0.0,1.0,0.0,100.0,0.0,0.9381353135313532,0.03148561231166841,0.9826666666666666,1.0,4.0,11.0,17.0,22.0,1.0,1.0,1.0,1.0,0.0
gp_onehot,none,gp_onehot,pre,0.0,300,500,1,101,1.0,0.0,0.0,1.0,0.0,100.0,0.0,0.9388734873487349,0.030680833229903948,0.9862222222222222,1.0,4.0,11.0,17.0,22.0,1.0,1.0,1.0,1.0,0.0
gp_ts,none,gp_ts,pre,0.0,300,500,1,101,1.0,0.0,0.0,1.0,0.0,100.0,0.0,0.9301716171617161,0.03253100219175521,0.9746666666666667,1.0,4.0,14.0,20.0,22.0,1.0,1.0,1.0,1.0,0.0
kg,none,kg,pre,0.0,300,500,1,101,1.0,0.0,0.0,1.0,0.0,100.0,0.0,0.9484444444444443,0.019119602249692672,1.0,1.0,4.0,11.0,13.0,14.0,1.0,1.0,1.0,1.0,0.0
purexp,none,purexp,pre,0.0,300,500,1,101,1.0,0.0,0.0,1.0,0.0,100.0,0.0,0.9317084708470846,0.03494184299108574,0.9516666666666667,0.9982222222222221,4.0,11.0,19.0,25.0,1.0,1.0,1.0,1.0,0.0
sts,none,sts,pre,0.0,300,500,1,101,1.0,0.0,0.0,1.0,0.0,100.0,0.0,0.9368514851485147,0.02878838856685353,0.974111111111111,1.0,4.0,11.0,17.0,22.0,1.0,1.0,1.0,1.0,0.0
dreamteam,none,dreamteam,pre,0.0,300,500,1,101,0.997,0.018534803201309548,0.0008289015981541773,1.0,0.0030000000000000027,97.39999999999999,0.0,0.9184906490649065,0.05697947394005333,0.8932222222222221,0.973111111111111,3.0,11.0,27.0,39.0,1.0,0.9990583804143127,0.9913978494623658,0.995883597883598,-0.00111640211640196
linucb,none,linucb,pre,0.0,300,500,1,101,0.9883333333333333,0.059944121534343635,0.002680782612046027,1.0,0.011666666666666714,96.2,0.0,0.9394697469746975,0.0587162928633651,0.9883333333333334,0.9883333333333334,4.0,11.0,12.0,14.0,0.9682539682539681,0.9971751412429378,1.0,0.9883333333333333,0.0
gp_ucb,none,gp_ucb,pre,0.0,300,500,1,101,0.9864444444444443,0.04887664063894373,0.0021858298196101387,1.0,0.013555555555555654,91.8,0.0,0.9203465346534654,0.06293535095124088,0.9524444444444444,0.9852222222222222,4.0,11.0,21.0,24.0,0.9940476190476191,0.9792843691148776,0.9863799283154122,0.9864444444444445,1.1102230246251565e-16
bootnn,none,bootnn,pre,0.0,300,500,1,101,0.9673333333333334,0.07637699042978847,0.003415682850357158,1.0,0.03266666666666662,81.39999999999999,0.0,0.8506578657865786,0.09773086361049742,0.7737777777777778,0.9106666666666666,4.0,21.0,41.0,71.0,0.9742063492063493,0.9642184557438795,0.9634408602150538,0.963920634920635,-0.0034126984126984228
neurallinear,none,neurallinear,pre,0.0,300,500,1,101,0.9638888888888889,0.08841130608702687,0.00395387380780266,1.0,0.036111111111111094,81.2,0.0,0.8728074807480748,0.0978869745938571,0.8608888888888889,0.9261111111111111,4.0,17.0,31.0,71.0,0.9603174603174602,0.9708097928436911,0.9598566308243729,0.9588042328042328,-0.005084656084656136
regevo,none,regevo,pre,0.0,300,500,1,101,0.9591111111111112,0.07048165521968637,0.003152035444758432,1.0,0.04088888888888875,72.2,0.0,0.8366369636963696,0.10026845836304378,0.7696666666666666,0.8865555555555555,4.0,23.0,56.0,91.0,1.0,0.9642184557438795,0.9089605734767024,0.9502433862433863,-0.008867724867724913
glm_fpl,none,glm_fpl,pre,0.0,300,500,1,101,0.9545555555555555,0.0841343525399707,0.0037626026304461314,1.0,0.04544444444444451,73.2,0.0,0.87706600660066,0.08682763637125118,0.8604444444444445,0.9321111111111111,4.0,11.0,33.0,83.0,0.9682539682539684,0.9519774011299436,0.9426523297491037,0.9525185185185184,-0.0020370370370370594
ols,none,ols,pre,0.0,300,500,1,101,0.936,0.12755341265325798,0.005704362029095333,1.0,0.06399999999999995,75.0,0.0,0.7805357535753576,0.1841947970959873,0.7012222222222222,0.8202222222222222,7.0,34.0,78.0,,1.0,0.9981167608286253,0.7956989247311829,0.921994708994709,-0.01400529100529102
bocs_hs,none,bocs_hs,pre,0.0,300,500,1,101,0.933,0.11664524620185292,0.005216533995190845,1.0,0.06699999999999995,68.2,0.0,0.7868767876787679,0.15482642031840688,0.6773333333333333,0.8341111111111111,4.0,35.0,74.0,,0.9880952380952381,0.9613935969868175,0.8408602150537633,0.9237142857142858,-0.00928571428571423
smac,none,smac,pre,0.0,300,500,1,101,0.9101111111111111,0.1117228207158028,0.004996396435171135,1.0,0.08988888888888891,55.00000000000001,0.0,0.7956963696369637,0.11322400623650243,0.736,0.8351111111111111,4.0,30.0,87.0,,0.9861111111111113,0.9143126177024484,0.8229390681003583,0.9021111111111112,-0.007999999999999896
sa,none,sa,pre,0.0,300,500,1,101,0.9045555555555557,0.11868106454494359,0.00530757855929068,1.0,0.09544444444444433,54.0,0.0,0.790068206820682,0.1416854922575986,0.7518888888888889,0.8337777777777778,5.0,25.0,97.0,,1.0,0.9105461393596987,0.7942652329749103,0.8898783068783069,-0.014677248677248733
bayesgap,none,bayesgap,pre,0.0,300,500,1,101,0.8945555555555557,0.12284405890028086,0.005493753326660321,0.8888888888888888,0.10544444444444434,49.6,0.0,0.8526996699669966,0.11928322775552573,0.8926666666666666,0.8943333333333334,4.0,12.0,,,0.9722222222222221,0.8804143126177023,0.8265232974910393,0.8945555555555557,0.0
cucb,none,cucb,pre,0.0,300,500,1,101,0.8385555555555556,0.13486332701920906,0.00603127133773471,0.8333333333333334,0.1614444444444444,32.6,0.0,0.7969108910891088,0.1305038789899832,0.8006666666666666,0.8273333333333334,3.0,14.0,,,0.9126984126984126,0.8333333333333334,0.76415770609319,0.8368888888888889,-0.0016666666666667052
cts,none,cts,pre,0.0,300,500,1,101,0.8308888888888889,0.1756298375214296,0.007854405111503196,0.8333333333333334,0.1691111111111111,42.6,0.0,0.7138932893289329,0.1731092350383439,0.647,0.75,7.0,50.0,,,0.990079365079365,0.8060263653483993,0.6867383512544802,0.8157724867724867,-0.015116402116402194
combo,none,combo,pre,0.0,300,500,1,101,0.757,0.18445927270288784,0.008249269456876571,0.6666666666666666,0.243,28.599999999999998,0.0,0.725059405940594,0.172403579355944,0.7315555555555555,0.7538888888888889,4.0,41.0,,,0.9285714285714286,0.7090395480225988,0.6258064516129033,0.7567354497354497,-0.0002645502645503006
combo_slice,none,combo_slice,pre,0.0,300,500,1,101,0.748,0.20195903407894902,0.009031882577414533,0.6666666666666666,0.252,31.2,0.0,0.6941903190319031,0.1838371759422737,0.6825555555555556,0.7068888888888889,4.0,,,,0.9503968253968254,0.7137476459510358,0.567741935483871,0.7395132275132276,-0.008486772486772431
random,none,random,pre,0.0,300,500,1,101,0.3208888888888889,0.22868188740271267,0.010226964909108367,0.3333333333333333,0.6791111111111111,1.4000000000000001,17.8,0.31755775577557754,0.05638595070121558,0.32166666666666666,0.3291111111111111,,,,,0.30753968253968256,0.32015065913371,0.33620071684587816,0.31873015873015875,-0.0021587301587301377
cocabo,none,cocabo,pre,0.2,300,500,1,101,0.9984444444444444,0.013067565788535188,0.0005843993080723065,1.0,0.0015555555555556433,98.6,0.0,0.9283509350935094,0.03633297779962678,0.9492222222222222,0.988,4.0,11.0,20.0,26.0,1.0,1.0,0.9949820788530467,0.9982751322751323,-0.0001693121693120414
gp_onehot,none,gp_onehot,pre,0.2,300,500,1,101,0.996,0.021881150105827047,0.00097855478125012,1.0,0.0040000000000000036,96.6,0.0,0.9063641364136414,0.055559656614919566,0.900888888888889,0.975,4.0,13.0,25.0,37.0,1.0,1.0,0.9870967741935484,0.992936507936508,-0.0030634920634919904
dreamteam,none,dreamteam,pre,0.2,300,500,1,101,0.9941111111111111,0.027625053322895197,0.0012354299422410021,1.0,0.0058888888888889435,95.39999999999999,0.0,0.9022244224422442,0.06895653347307006,0.8724444444444445,0.9572222222222222,3.0,13.0,30.0,47.0,1.0,0.995291902071563,0.9863799283154123,0.988978835978836,-0.005132275132275099
casmopolitan,none,casmopolitan,pre,0.2,300,500,1,101,0.9931111111111111,0.027728970704373555,0.0012400772688215898,1.0,0.006888888888888944,94.0,0.0,0.9052629262926293,0.05738772150300624,0.901,0.9715555555555555,4.0,13.0,25.0,39.0,1.0,1.0,0.9777777777777779,0.9915238095238096,-0.0015873015873014706
gp_ts,none,gp_ts,pre,0.2,300,500,1,101,0.9884444444444446,0.0357271521676988,0.0015977668177890696,1.0,0.01155555555555543,90.2,0.0,0.8861595159515951,0.07027339720224632,0.8495555555555555,0.9533333333333334,4.0,20.0,31.0,48.0,1.0,0.9962335216572505,0.967025089605735,0.9854391534391534,-0.003005291005291122
purexp,none,purexp,pre,0.2,300,500,1,101,0.9774444444444446,0.05417923307977646,0.002422968962703709,1.0,0.02255555555555544,83.8,0.0,0.8989317931793179,0.06411627989965014,0.8915555555555555,0.963,4.0,13.0,27.0,39.0,1.0,0.980225988700565,0.949820788530466,0.9777830687830688,0.00033862433862419383
kg,none,kg,pre,0.2,300,500,1,101,0.9758888888888889,0.05697485624199709,0.002547993031307674,1.0,0.024111111111111083,83.2,0.0,0.9005280528052806,0.07502503042145585,0.903888888888889,0.954,4.0,11.0,24.0,46.0,1.0,0.9896421845574389,0.9340501792114695,0.9727513227513228,-0.0031375661375661057
gp_ucb,none,gp_ucb,pre,0.2,300,500,1,101,0.9727777777777779,0.06106858705502124,0.0027310702388978233,1.0,0.027222222222222148,81.39999999999999,0.0,0.8829339933993399,0.08136487785099655,0.8696666666666666,0.9514444444444444,4.0,17.0,31.0,50.0,0.9980158730158729,0.9821092278719398,0.9347670250896057,0.9699682539682539,-0.0028095238095239283
bocs,none,bocs,pre,0.2,300,500,1,101,0.9692222222222222,0.06643347846557225,0.0029709954766157596,1.0,0.030777777777777793,79.80000000000001,0.0,0.8910132013201321,0.07085392642283865,0.9032222222222221,0.9482222222222222,4.0,13.0,25.0,55.0,1.0,0.9877589453860641,0.914695340501792,0.966851851851852,-0.002370370370370245
sts,none,sts,pre,0.2,300,500,1,101,0.9674444444444444,0.0683498458487395,0.0030566980313882666,1.0,0.03255555555555556,78.8,0.0,0.88709900990099,0.07550634509402167,0.8971111111111111,0.9415555555555556,4.0,13.0,26.0,63.0,1.0,0.9858757062146892,0.9111111111111112,0.9628042328042329,-0.004640211640211556
gp_nei,none,gp_nei,pre,0.2,300,500,1,101,0.9672222222222223,0.06461197597636603,0.0028895354088747556,1.0,0.032777777777777684,77.4,0.0,0.8802871287128712,0.08659370041556923,0.8726666666666666,0.94,4.0,15.0,31.0,60.0,0.9980158730158729,0.9764595103578153,0.9232974910394266,0.963978835978836,-0.0032433862433862704
linucb,none,linucb,pre,0.2,300,500,1,101,0.9628888888888889,0.07448114231221625,0.003330897945039028,1.0,0.037111111111111095,76.6,0.0,0.8912772277227723,0.08060671046176024,0.901888888888889,0.9406666666666667,4.0,11.0,25.0,64.0,0.986111111111111,0.9811676082862525,0.9168458781362006,0.9604973544973546,-0.002391534391534278
glm_fpl,none,glm_fpl,pre,0.2,300,500,1,101,0.9311111111111111,0.09744503208698437,0.004357874316322905,1.0,0.06888888888888889,61.6,0.0,0.8404125412541253,0.10148696418109827,0.8145555555555556,0.8926666666666666,4.0,16.0,58.0,,0.9682539682539684,0.9340866290018833,0.8874551971326164,0.9245820105820107,-0.0065291005291003845
bootnn,none,bootnn,pre,0.2,300,500,1,101,0.9291111111111111,0.10373871491786381,0.0046393363690962995,1.0,0.07088888888888889,61.6,0.0,0.8072552255225524,0.11420453017232005,0.7412222222222222,0.855,4.0,31.0,71.0,,0.9603174603174602,0.9340866290018831,0.8896057347670249,0.9216613756613756,-0.007449735449735484
neurallinear,none,neurallinear,pre,0.2,300,500,1,101,0.9120000000000001,0.11098500971663082,0.004963400524197224,1.0,0.08799999999999986,55.2,0.0,0.8269625962596259,0.11503508147356248,0.8144444444444444,0.8732222222222221,4.0,20.0,71.0,,0.9642857142857143,0.9227871939736345,0.8430107526881722,0.909079365079365,-0.0029206349206351012
bayesgap,none,bayesgap,pre,0.2,300,500,1,101,0.9043333333333334,0.11316182594861678,0.0050607507055821345,1.0,0.09566666666666657,52.0,0.0,0.8378151815181518,0.11915607806209462,0.8448888888888889,0.882,4.0,13.0,86.0,,0.9821428571428571,0.9011299435028248,0.8236559139784946,0.9012539682539683,-0.003079365079365126
bocs_hs,none,bocs_hs,pre,0.2,300,500,1,101,0.8943333333333332,0.1436491732826346,0.006424186327432351,1.0,0.1056666666666668,55.00000000000001,0.0,0.7537051705170518,0.16325639321245894,0.6534444444444445,0.7942222222222222,4.0,41.0,,,0.9920634920634922,0.9143126177024483,0.7655913978494623,0.8785343915343915,-0.0157989417989417
regevo,none,regevo,pre,0.2,300,500,1,101,0.8717777777777779,0.12672931060807757,0.005667507065226933,0.8333333333333334,0.12822222222222213,42.0,0.0,0.7763751375137514,0.1251378165847011,0.731111111111111,0.816,4.0,29.0,,,0.9880952380952381,0.847457627118644,0.7734767025089605,0.8636666666666666,-0.008111111111111291
cucb,none,cucb,pre,0.2,300,500,1,101,0.859,0.13075794325352563,0.005847672994258866,0.8333333333333334,0.14100000000000001,38.2,0.0,0.8018701870187018,0.12346261230538594,0.7912222222222222,0.8361111111111111,3.0,16.0,,,0.9345238095238095,0.8540489642184559,0.7827956989247311,0.8584179894179895,-0.0005820105820104615
sa,none,sa,pre,0.2,300,500,1,101,0.8417777777777778,0.1529550094448462,0.0068403559723559685,0.8333333333333334,0.15822222222222215,40.400000000000006,0.0,0.7393168316831683,0.15591377305589793,0.6994444444444444,0.7742222222222221,6.0,40.0,,,0.992063492063492,0.8267419962335215,0.6960573476702508,0.8273756613756613,-0.014402116402116527
ols,none,ols,pre,0.2,300,500,1,101,0.835,0.17065570660597462,0.007631955214384383,0.8333333333333334,0.16500000000000004,42.0,0.0,0.7176864686468648,0.1912561782239766,0.6573333333333333,0.7521111111111111,8.0,50.0,,,0.9940476190476191,0.8370998116760829,0.6602150537634409,0.824931216931217,-0.010068783068783005
smac,none,smac,pre,0.2,300,500,1,101,0.834,0.1524178570477712,0.006816333786873236,0.8333333333333334,0.16600000000000004,37.8,0.0,0.742095709570957,0.13583852881549952,0.7071111111111111,0.7724444444444445,4.0,45.0,,,0.9722222222222221,0.8097928436911487,0.7118279569892473,0.8243968253968254,-0.009603174603174613
cts,none,cts,pre,0.2,300,500,1,101,0.8161111111111111,0.17952943954688713,0.008028800615785573,0.8333333333333334,0.18388888888888888,38.4,0.0,0.6982167216721672,0.1623767229812844,0.632,0.7267777777777777,8.0,60.0,,,0.9702380952380952,0.8069679849340867,0.6594982078853047,0.8055079365079365,-0.010603174603174614
combo,none,combo,pre,0.2,300,500,1,101,0.7206666666666667,0.18706547826672304,0.008365822512958044,0.6666666666666666,0.2793333333333333,24.0,0.0,0.692071507150715,0.17427713257697075,0.6986666666666667,0.7143333333333334,4.0,,,,0.8849206349206349,0.6685499058380415,0.6021505376344086,0.7195978835978836,-0.001068783068783108
combo_slice,none,combo_slice,pre,0.2,300,500,1,101,0.7153333333333333,0.20339275741960772,0.00909600063442735,0.6666666666666666,0.28466666666666673,26.400000000000002,0.0,0.6714598459845984,0.18702955303573504,0.662,0.6831111111111111,4.0,,,,0.9126984126984126,0.6572504708097929,0.567741935483871,0.7092857142857142,-0.006047619047619079
random,none,random,pre,0.2,300,500,1,101,0.3303333333333333,0.21614865938757494,0.009666461912721311,0.3333333333333333,0.6696666666666666,0.8,14.799999999999999,0.3205962596259626,0.05520701940694468,0.31955555555555554,0.3226666666666666,,,,,0.3234126984126984,0.33427495291902076,0.3333333333333333,0.3202433862433862,-0.010089947089947093
dreamteam,none,dreamteam,pre,0.4,300,500,1,101,0.9735555555555556,0.058363253240211174,0.002610084032662941,1.0,0.02644444444444438,81.0,0.0,0.8663344334433444,0.08624205934469989,0.8193333333333334,0.9154444444444445,4.0,17.0,44.0,71.0,1.0,0.9811676082862525,0.936200716845878,0.9667619047619048,-0.006793650793650796
cocabo,none,cocabo,pre,0.4,300,500,1,101,0.969111111111111,0.06482614866285782,0.002899113502593144,1.0,0.030888888888888966,78.8,0.0,0.8678327832783278,0.08654995216733258,0.8527777777777779,0.9202222222222222,5.0,16.0,41.0,70.0,1.0,0.9811676082862525,0.9218637992831541,0.9626402116402116,-0.006470899470899405
gp_onehot,none,gp_onehot,pre,0.4,300,500,1,101,0.9358888888888889,0.09782330016601362,0.004374790979091458,1.0,0.06411111111111112,64.4,0.0,0.8134829482948295,0.11366422362948592,0.766888888888889,0.8614444444444445,5.0,22.0,72.0,,0.9980158730158729,0.9482109227871939,0.8544802867383513,0.9241904761904762,-0.011698412698412652
gp_ts,none,gp_ts,pre,0.4,300,500,1,101,0.9276666666666668,0.09958590876709644,0.004453617232086398,1.0,0.07233333333333325,59.8,0.0,0.7986710671067107,0.11515936505612116,0.7294444444444445,0.8514444444444444,5.0,30.0,79.0,,0.9980158730158729,0.9369114877589454,0.8408602150537633,0.918978835978836,-0.008687830687830744
casmopolitan,none,casmopolitan,pre,0.4,300,500,1,101,0.9263333333333333,0.10040437550451066,0.004490220177330011,1.0,0.07366666666666666,60.0,0.0,0.8123036303630363,0.11505044882224322,0.768,0.8612222222222222,5.0,22.0,72.0,,0.9960317460317459,0.9350282485875706,0.8408602150537633,0.9200740740740743,-0.006259259259259076
kg,none,kg,pre,0.4,300,500,1,101,0.8806666666666667,0.12698479896122739,0.005678932851728982,0.8888888888888888,0.11933333333333329,46.2,0.0,0.8008998899889989,0.12657811505753236,0.7853333333333333,0.8477777777777779,5.0,18.0,,,0.9980158730158731,0.8700564971751412,0.7655913978494623,0.8764550264550265,-0.004211640211640222
purexp,none,purexp,pre,0.4,300,500,1,101,0.8774444444444445,0.13917876674459392,0.006224263669309982,0.8888888888888888,0.12255555555555553,46.800000000000004,0.0,0.8075874587458746,0.11806218790110692,0.7914444444444445,0.8584444444444445,5.0,19.0,,,0.9821428571428571,0.8559322033898306,0.7885304659498207,0.8771375661375662,-0.00030687830687825546
gp_nei,none,gp_nei,pre,0.4,300,500,1,101,0.8715555555555556,0.13579447536014094,0.006072913557483907,0.8888888888888888,0.12844444444444436,45.2,0.0,0.7757942794279429,0.13609232800069937,0.7406666666666666,0.8248888888888889,5.0,27.0,,,0.9742063492063492,0.864406779661017,0.7684587813620072,0.8654708994708995,-0.006084656084656137
gp_ucb,none,gp_ucb,pre,0.4,300,500,1,101,0.87,0.13141667761531142,0.005877132490500226,0.8888888888888888,0.13,43.4,0.0,0.7752002200220022,0.13039920465283725,0.739111111111111,0.8231111111111111,5.0,29.0,,,0.9642857142857143,0.856873822975518,0.7827956989247312,0.8655925925925926,-0.0044074074074074154
sts,none,sts,pre,0.4,300,500,1,101,0.8616666666666667,0.14092693075480506,0.006302443940562997,0.8333333333333334,0.1383333333333333,41.6,0.0,0.790063806380638,0.12220665982293315,0.7842222222222222,0.8314444444444444,5.0,19.0,,,0.9960317460317459,0.8408662900188323,0.7397849462365591,0.8600476190476191,-0.001619047619047631
bocs,none,bocs,pre,0.4,300,500,1,101,0.8615555555555556,0.14314818391514028,0.006401781401797913,0.8333333333333334,0.13844444444444437,43.2,0.0,0.7897513751375138,0.12173779636019731,0.782,0.8313333333333334,5.0,20.0,,,0.9940476190476191,0.8361581920903954,0.7469534050179211,0.8594391534391536,-0.002116402116402072
linucb,none,linucb,pre,0.4,300,500,1,101,0.855,0.14188921399709956,0.006345478555430585,0.8333333333333334,0.14500000000000002,41.0,0.0,0.785029702970297,0.1295600691650847,0.773,0.8245555555555556,5.0,17.0,,,0.9682539682539681,0.8465160075329565,0.7419354838709677,0.850047619047619,-0.00495238095238093
glm_fpl,none,glm_fpl,pre,0.4,300,500,1,101,0.847,0.1462213217356044,0.006539216303213579,0.8333333333333334,0.15300000000000002,39.0,0.0,0.7568580858085808,0.1303222454150318,0.7306666666666666,0.79,5.0,30.0,,,0.9345238095238095,0.8540489642184559,0.7440860215053764,0.834936507936508,-0.012063492063491998
cucb,none,cucb,pre,0.4,300,500,1,101,0.8346666666666668,0.1402397455228027,0.006271712082725172,0.8333333333333334,0.16533333333333322,34.8,0.0,0.7702475247524754,0.1320337003695787,0.7395555555555555,0.8048888888888889,4.0,28.0,,,0.9365079365079364,0.8229755178907721,0.7376344086021506,0.8335502645502646,-0.001116402116402182
bayesgap,none,bayesgap,pre,0.4,300,500,1,101,0.8298888888888889,0.15377431512956702,0.006876996436463724,0.8333333333333334,0.1701111111111111,37.4,0.0,0.759070407040704,0.1458813749113055,0.7514444444444445,0.7948888888888889,5.0,25.0,,,0.9662698412698412,0.8013182674199624,0.7146953405017921,0.8260952380952381,-0.0037936507936507935
bootnn,none,bootnn,pre,0.4,300,500,1,101,0.8267777777777778,0.14984174007748155,0.006701126333602067,0.8333333333333334,0.17322222222222217,33.800000000000004,0.0,0.7262750275027503,0.13743551391613537,0.6797777777777777,0.7568888888888889,5.0,41.0,,,0.9226190476190477,0.8163841807909604,0.7347670250896057,0.8190793650793651,-0.00769841269841276
neurallinear,none,neurallinear,pre,0.4,300,500,1,101,0.8093333333333333,0.15592347621095073,0.006973109841915143,0.8333333333333334,0.19066666666666665,31.0,0.0,0.7310165016501651,0.13853135992055565,0.7138888888888889,0.7694444444444445,5.0,41.0,,,0.9186507936507937,0.7890772128060263,0.7139784946236558,0.8031269841269841,-0.006206349206349215
cts,none,cts,pre,0.4,300,500,1,101,0.8025555555555557,0.18409811940503432,0.008233118190390597,0.8333333333333334,0.1974444444444443,36.8,0.0,0.6914246424642464,0.164894376858257,0.6272222222222221,0.7265555555555555,8.0,61.0,,,0.9484126984126983,0.7919020715630884,0.6566308243727598,0.788079365079365,-0.014476190476190642
bocs_hs,none,bocs_hs,pre,0.4,300,500,1,101,0.8003333333333332,0.18598734822161458,0.008317607071569096,0.8333333333333334,0.19966666666666677,35.199999999999996,0.0,0.676026402640264,0.17740900001436807,0.5988888888888889,0.7043333333333334,5.0,73.0,,,0.9503968253968254,0.8013182674199623,0.6365591397849462,0.7817037037037037,-0.01862962962962955
smac,none,smac,pre,0.4,300,500,1,101,0.7575555555555555,0.16186109883038538,0.007238648397951068,0.6666666666666666,0.24244444444444446,23.400000000000002,0.0,0.678005500550055,0.1283454657522602,0.6413333333333334,0.7025555555555555,5.0,85.0,,,0.871031746031746,0.7288135593220338,0.6673835125448029,0.7487513227513227,-0.008804232804232814
regevo,none,regevo,pre,0.4,300,500,1,101,0.7551111111111111,0.16256680794430797,0.007270208668972509,0.6666666666666666,0.24488888888888893,24.0,0.0,0.688993399339934,0.13132399642380277,0.6602222222222222,0.7155555555555555,5.0,90.0,,,0.8829365079365078,0.7175141242937854,0.6594982078853047,0.7490582010582009,-0.006052910052910199
sa,none,sa,pre,0.4,300,500,1,101,0.735111111111111,0.1697569949775957,0.007591763608519887,0.6666666666666666,0.26488888888888895,23.0,0.0,0.6624708470847086,0.14364537230234775,0.639,0.6927777777777777,9.0,,,,0.861111111111111,0.7080979284369116,0.6293906810035842,0.7288994708994708,-0.006211640211640224
ols,none,ols,pre,0.4,300,500,1,101,0.7323333333333335,0.18075670928408458,0.00808368578696761,0.6666666666666666,0.2676666666666665,22.8,0.0,0.6402926292629263,0.17848845678389233,0.6018888888888889,0.6661111111111111,11.0,,,,0.8809523809523809,0.7259887005649718,0.578494623655914,0.7203915343915344,-0.011941798941799142
combo_slice,none,combo_slice,pre,0.4,300,500,1,101,0.6551111111111111,0.2048178944222247,0.009159734698729388,0.6666666666666666,0.3448888888888889,18.6,0.0,0.6246358635863587,0.1888232051446335,0.629,0.6363333333333334,5.0,,,,0.8392857142857143,0.6101694915254238,0.5068100358422938,0.6512222222222221,-0.0038888888888889417
combo,none,combo,pre,0.4,300,500,1,101,0.6543333333333332,0.19472429522708792,0.008708335219970128,0.6666666666666666,0.3456666666666668,15.6,0.0,0.6323597359735974,0.18136310776046963,0.6397777777777777,0.649,5.0,,,,0.7956349206349207,0.6242937853107344,0.535483870967742,0.6538571428571427,-0.0004761904761905189
random,none,random,pre,0.4,300,500,1,101,0.324,0.21295367203714233,0.009523577734664926,0.3333333333333333,0.6759999999999999,1.0,15.2,0.32010781078107814,0.05585684933817023,0.31866666666666665,0.31466666666666665,,,,,0.33928571428571425,0.3182674199623352,0.3139784946236559,0.31892063492063494,-0.005079365079365072
dreamteam,none,dreamteam,pre,0.6,300,500,1,101,0.9441111111111112,0.09141174583324048,0.004088057552501177,1.0,0.055888888888888766,68.2,0.0,0.8192046204620462,0.11189537332070577,0.7473333333333334,0.861,5.0,26.0,67.0,,0.9980158730158729,0.9500941619585689,0.8788530465949821,0.9334074074074074,-0.010703703703703882
cocabo,none,cocabo,pre,0.6,300,500,1,101,0.9230000000000002,0.10243642423435659,0.004581096159200563,1.0,0.07699999999999985,58.599999999999994,0.0,0.8084015401540153,0.11390616981236812,0.7707777777777778,0.8515555555555555,7.0,22.0,77.0,,1.0,0.9199623352165726,0.8430107526881718,0.9145449735449735,-0.008455026455026604
gp_onehot,none,gp_onehot,pre,0.6,300,500,1,101,0.8734444444444446,0.13494988820807077,0.00603514247178487,0.8888888888888888,0.12655555555555542,45.4,0.0,0.7477370737073706,0.1267939236736609,0.6772222222222222,0.7873333333333333,7.0,39.0,,,0.992063492063492,0.8559322033898306,0.764874551971326,0.8603280423280423,-0.013116402116402304
casmopolitan,none,casmopolitan,pre,0.6,300,500,1,101,0.865111111111111,0.14617194891681437,0.006537008283632473,0.8888888888888888,0.13488888888888895,45.4,0.0,0.7445874587458745,0.12855717221393476,0.6806666666666666,0.7842222222222222,7.0,40.0,,,0.9861111111111113,0.8606403013182673,0.7390681003584229,0.8567142857142858,-0.008396825396825291
gp_ts,none,gp_ts,pre,0.6,300,500,1,101,0.8638888888888889,0.1410322261740718,0.006307152894866992,0.8333333333333334,0.13611111111111107,43.2,0.0,0.741049504950495,0.13212358874141222,0.6804444444444444,0.7881111111111111,7.0,40.0,,,0.9722222222222223,0.8578154425612051,0.7534050179211469,0.8523333333333334,-0.011555555555555541
cucb,none,cucb,pre,0.6,300,500,1,101,0.8133333333333332,0.15292977398886495,0.006839227408455623,0.8333333333333334,0.18666666666666676,32.800000000000004,0.0,0.7339482948294829,0.13860413363863502,0.7,0.76,4.0,43.0,,,0.9226190476190477,0.8003766478342748,0.7096774193548387,0.8021587301587301,-0.01117460317460317
purexp,none,purexp,pre,0.6,300,500,1,101,0.813,0.15916895404448797,0.007118252023020304,0.8333333333333334,0.18700000000000006,32.800000000000004,0.0,0.7443168316831684,0.13418397611933686,0.7383333333333334,0.7944444444444445,7.0,29.0,,,0.9365079365079364,0.7806026365348399,0.7161290322580646,0.8081904761904761,-0.004809523809523819
gp_ucb,none,gp_ucb,pre,0.6,300,500,1,101,0.8044444444444443,0.15785744755940112,0.007059599669948583,0.7777777777777778,0.1955555555555557,32.0,0.0,0.7103168316831684,0.14047814781595014,0.6675555555555556,0.7551111111111111,7.0,49.0,,,0.9166666666666666,0.7853107344632768,0.7046594982078853,0.7955026455026455,-0.008941798941798806
gp_nei,none,gp_nei,pre,0.6,300,500,1,101,0.8041111111111111,0.15452833048806003,0.006910717028417109,0.8333333333333334,0.1958888888888889,30.0,0.0,0.7095049504950495,0.13767868836301791,0.6626666666666666,0.7473333333333334,7.0,51.0,,,0.9226190476190477,0.7674199623352165,0.7175627240143369,0.7949100529100529,-0.00920105820105821
kg,none,kg,pre,0.6,300,500,1,101,0.7968888888888889,0.1685089304906796,0.007535948467858932,0.8333333333333334,0.20311111111111113,32.6,0.0,0.7271980198019802,0.14147419409167292,0.71,0.7614444444444445,7.0,40.0,,,0.9404761904761905,0.7721280602636535,0.6695340501792114,0.7964973544973544,-0.0003915343915344982
sts,none,sts,pre,0.6,300,500,1,101,0.7852222222222222,0.17858073371224206,0.007986373201047232,0.7777777777777778,0.21477777777777785,32.4,0.0,0.7161650165016501,0.1314964535087299,0.7127777777777777,0.7511111111111111,7.0,48.0,,,0.9484126984126985,0.748587570621469,0.6501792114695341,0.7769259259259259,-0.008296296296296246
bocs,none,bocs,pre,0.6,300,500,1,101,0.7764444444444445,0.17461759245518194,0.007809136135942823,0.7777777777777778,0.2235555555555555,29.599999999999998,0.0,0.7118261826182619,0.13321050956127758,0.7013333333333334,0.738111111111111,7.0,56.0,,,0.9424603174603176,0.7212806026365348,0.6594982078853047,0.768068783068783,-0.00837566137566148
cts,none,cts,pre,0.6,300,500,1,101,0.7705555555555555,0.18522034476588511,0.00828330563424933,0.7777777777777778,0.22944444444444445,30.4,0.0,0.6633806380638064,0.1584081570820424,0.6116666666666666,0.6835555555555556,9.0,80.0,,,0.9265873015873015,0.7467043314500941,0.628673835125448,0.7595502645502645,-0.011005291005291018
linucb,none,linucb,pre,0.6,300,500,1,101,0.7616666666666666,0.1750286705174469,0.00782752010576849,0.6666666666666666,0.2383333333333334,27.0,0.0,0.7031562156215622,0.13750388283140963,0.6965555555555556,0.7387777777777778,7.0,68.0,,,0.8968253968253966,0.7278719397363466,0.6537634408602151,0.7565608465608464,-0.005105820105820169
glm_fpl,none,glm_fpl,pre,0.6,300,500,1,101,0.7612222222222221,0.172243912986065,0.007702981962948003,0.6666666666666666,0.23877777777777787,26.0,0.0,0.6826083608360837,0.1374770015511702,0.647888888888889,0.7132222222222222,7.0,95.0,,,0.9007936507936507,0.7203389830508474,0.6566308243727598,0.7492910052910051,-0.011931216931217015
bayesgap,none,bayesgap,pre,0.6,300,500,1,101,0.7564444444444445,0.17126572291707967,0.007659235973164674,0.6666666666666666,0.24355555555555553,25.4,0.0,0.6948140814081407,0.15540680262706216,0.6865555555555556,0.7196666666666667,5.0,90.0,,,0.8968253968253967,0.7212806026365348,0.6444444444444444,0.7510476190476191,-0.0053968253968254
neurallinear,none,neurallinear,pre,0.6,300,500,1,101,0.7452222222222221,0.18080570342895494,0.008085876871736201,0.6666666666666666,0.2547777777777779,25.2,0.0,0.6785874587458746,0.14483097773868195,0.6675555555555556,0.7123333333333334,6.0,,,,0.8789682539682541,0.7259887005649718,0.6222222222222221,0.7367089947089946,-0.008513227513227473
bootnn,none,bootnn,pre,0.6,300,500,1,101,0.7442222222222221,0.16638051587622146,0.007440762872614283,0.6666666666666666,0.2557777777777779,21.8,0.0,0.665108910891089,0.1358207207285519,0.624,0.6988888888888889,6.0,,,,0.8710317460317459,0.7062146892655368,0.6501792114695341,0.73510582010582,-0.009116402116402078
bocs_hs,none,bocs_hs,pre,0.6,300,500,1,101,0.7283333333333333,0.20006045129113043,0.008946975373925064,0.6666666666666666,0.2716666666666667,25.2,0.0,0.6205093509350934,0.17915985461531483,0.546,0.635,7.0,,,,0.8888888888888887,0.7146892655367232,0.5698924731182795,0.7152962962962963,-0.013037037037036958
smac,none,smac,pre,0.6,300,500,1,101,0.6942222222222222,0.16506301900322867,0.007381842621251178,0.6666666666666666,0.3057777777777778,14.6,0.0,0.6368679867986798,0.12437017683074346,0.6243333333333334,0.6567777777777777,7.0,,,,0.7956349206349207,0.6741996233521658,0.607168458781362,0.6898783068783068,-0.004343915343915428
regevo,none,regevo,pre,0.6,300,500,1,101,0.6788888888888889,0.15558815703155626,0.0069581139123294335,0.6666666666666666,0.3211111111111111,13.200000000000001,0.0,0.633060506050605,0.12019415866854741,0.6183333333333334,0.6572222222222222,6.0,,,,0.7817460317460319,0.655367231638418,0.5942652329749104,0.6762910052910052,-0.00259788359788371
sa,none,sa,pre,0.6,300,500,1,101,0.6645555555555555,0.1572190139669973,0.007031048051713897,0.6666666666666666,0.33544444444444455,11.600000000000001,0.0,0.6155412541254126,0.13681066924597668,0.6005555555555555,0.638,9.0,,,,0.771825396825397,0.6544256120527306,0.5598566308243728,0.6618888888888886,-0.002666666666666817
ols,none,ols,pre,0.6,300,500,1,101,0.6481111111111111,0.17707117843292214,0.007918863836640172,0.6666666666666666,0.3518888888888889,14.000000000000002,0.0,0.5852563256325631,0.17092663859661875,0.5595555555555556,0.6117777777777778,13.0,,,,0.8035714285714286,0.6092278719397363,0.5240143369175627,0.6429947089947089,-0.0051164021164021856
combo_slice,none,combo_slice,pre,0.6,300,500,1,101,0.6202222222222221,0.19358051546511065,0.008657183833988735,0.6666666666666666,0.3797777777777779,13.0,0.0,0.5892376237623762,0.1759714769769414,0.5893333333333334,0.600111111111111,7.0,,,,0.7777777777777779,0.5725047080979283,0.503942652329749,0.6143386243386242,-0.005883597883597935
combo,none,combo,pre,0.6,300,500,1,101,0.6097777777777778,0.18667000665014594,0.008348136484601282,0.6666666666666666,0.39022222222222225,10.2,0.0,0.5904422442244225,0.17189396589754907,0.5935555555555555,0.6045555555555555,7.0,,,,0.7281746031746033,0.583804143126177,0.5111111111111111,0.6097619047619046,-1.587301587313572e-05
random,none,random,pre,0.6,300,500,1,101,0.3178888888888889,0.21667477389784542,0.009689990468899588,0.3333333333333333,0.6821111111111111,1.4000000000000001,16.0,0.32024862486248623,0.05490319619756444,0.3306666666666666,0.3213333333333333,,,,,0.3134920634920635,0.3286252354048964,0.31039426523297486,0.31882010582010584,0.0009312169312169494
dreamteam,none,dreamteam,pre,0.8,300,500,1,101,0.9096666666666667,0.11747164265462938,0.005253491568086303,1.0,0.09033333333333327,56.599999999999994,0.0,0.7878712871287129,0.12496221500148137,0.7118888888888889,0.8307777777777778,5.0,30.0,92.0,,0.996031746031746,0.908662900188324,0.8172043010752686,0.8994761904761905,-0.010190476190476194
cocabo,none,cocabo,pre,0.8,300,500,1,101,0.8796666666666666,0.1350155056599016,0.006038076973440952,0.8888888888888888,0.1203333333333334,48.4,0.0,0.7583993399339933,0.12157158176264837,0.7143333333333334,0.803,7.0,32.0,,,0.9821428571428571,0.8766478342749529,0.7720430107526881,0.8606772486772488,-0.01898941798941778
gp_onehot,none,gp_onehot,pre,0.8,300,500,1,101,0.8375555555555555,0.15179130316969555,0.006788313445614371,0.8333333333333334,0.1624444444444445,38.4,0.0,0.7064818481848185,0.1308466397744524,0.637,0.741111111111111,7.0,57.0,,,0.9702380952380952,0.8116760828625237,0.7232974910394265,0.8157407407407407,-0.021814814814814842
casmopolitan,none,casmopolitan,pre,0.8,300,500,1,101,0.8142222222222223,0.15999857739539264,0.007155353907187184,0.8333333333333334,0.1857777777777777,33.800000000000004,0.0,0.7024246424642464,0.13234558079421596,0.645888888888889,0.7336666666666666,7.0,58.0,,,0.9444444444444445,0.7966101694915254,0.6931899641577061,0.8002222222222222,-0.014000000000000123
gp_ts,none,gp_ts,pre,0.8,300,500,1,101,0.8007777777777778,0.1678187377100334,0.007505082108356841,0.8333333333333334,0.1992222222222222,32.800000000000004,0.0,0.6880462046204621,0.14004545577674865,0.6285555555555555,0.7227777777777777,7.0,68.0,,,0.9107142857142857,0.8069679849340865,0.6745519713261648,0.7887619047619047,-0.012015873015873146
cucb,none,cucb,pre,0.8,300,500,1,101,0.7762222222222223,0.16811896014323532,0.007518508463737039,0.7777777777777778,0.22377777777777774,27.6,0.0,0.7007238723872388,0.14154025008963794,0.6694444444444445,0.7357777777777779,4.0,63.0,,,0.8928571428571429,0.7758945386064031,0.6501792114695341,0.7702010582010582,-0.006021164021164038
gp_nei,none,gp_nei,pre,0.8,300,500,1,101,0.7622222222222222,0.16905803153407356,0.007560505013049831,0.6666666666666666,0.23777777777777775,25.6,0.0,0.6759955995599559,0.14835969763326662,0.6318888888888889,0.7116666666666667,7.0,84.0,,,0.8869047619047619,0.743879472693032,0.6480286738351254,0.7525820105820106,-0.009640211640211671
gp_ucb,none,gp_ucb,pre,0.8,300,500,1,101,0.7484444444444445,0.1648308302555573,0.007371458824783103,0.6666666666666666,0.25155555555555553,22.2,0.0,0.6674763476347635,0.14008944427484513,0.6244444444444445,0.7014444444444444,7.0,,,,0.8630952380952381,0.7269303201506593,0.6487455197132616,0.7388359788359787,-0.009608465608465733
purexp,none,purexp,pre,0.8,300,500,1,101,0.7414444444444445,0.1723254802826761,0.007706629763347269,0.6666666666666666,0.25855555555555554,21.6,0.0,0.6945071507150715,0.137588310468428,0.6822222222222222,0.736111111111111,7.0,81.0,,,0.8571428571428571,0.7071563088512242,0.6551971326164875,0.7440264550264548,0.0025820105820103523
cts,none,cts,pre,0.8,300,500,1,101,0.7365555555555556,0.18884431737349253,0.008445374616233476,0.6666666666666666,0.26344444444444437,24.8,0.0,0.6333432343234324,0.1521438938064859,0.5793333333333334,0.6604444444444445,12.0,,,,0.8849206349206349,0.7052730696798494,0.6114695340501791,0.7202433862433861,-0.0163121693121695
kg,none,kg,pre,0.8,300,500,1,101,0.7238888888888889,0.16824661211135636,0.007524217233300644,0.6666666666666666,0.2761111111111111,20.0,0.0,0.665103410341034,0.13655029664060597,0.6503333333333333,0.6993333333333334,7.0,,,,0.853174603174603,0.6958568738229757,0.6157706093189964,0.7156507936507936,-0.008238095238095267
sts,none,sts,pre,0.8,300,500,1,101,0.717111111111111,0.18799163425164264,0.008407241467759015,0.6666666666666666,0.28288888888888897,22.6,0.0,0.6624895489548954,0.1315978078264898,0.6614444444444445,0.6908888888888889,7.0,,,,0.875,0.6760828625235406,0.592831541218638,0.7080740740740739,-0.009037037037037177
bocs,none,bocs,pre,0.8,300,500,1,101,0.7153333333333333,0.1806861028830283,0.00808052817271944,0.6666666666666666,0.28466666666666673,21.0,0.0,0.6620132013201321,0.12370885880387462,0.6475555555555556,0.6868888888888889,7.0,,,,0.8571428571428571,0.6911487758945387,0.5892473118279571,0.7143492063492063,-0.0009841269841269762
bayesgap,none,bayesgap,pre,0.8,300,500,1,101,0.7035555555555555,0.1734418925927015,0.0077565572396699565,0.6666666666666666,0.2964444444444445,17.599999999999998,0.0,0.6485940594059406,0.1492268397339848,0.6357777777777777,0.6742222222222222,7.0,,,,0.8293650793650793,0.6779661016949152,0.5964157706093189,0.699174603174603,-0.004380952380952485
linucb,none,linucb,pre,0.8,300,500,1,101,0.6993333333333333,0.1751731090946325,0.007833979595311697,0.6666666666666666,0.30066666666666675,17.8,0.0,0.6497667766776677,0.13550305927559533,0.6454444444444445,0.6723333333333333,7.0,,,,0.8353174603174603,0.6685499058380415,0.5870967741935483,0.6894074074074072,-0.009925925925926005
glm_fpl,none,glm_fpl,pre,0.8,300,500,1,101,0.6854444444444443,0.17694286662628425,0.007913125558201008,0.6666666666666666,0.3145555555555557,15.8,0.0,0.630908690869087,0.12868918811112312,0.603111111111111,0.6552222222222222,7.0,,,,0.8055555555555555,0.6581920903954802,0.5863799283154122,0.6834021164021163,-0.0020423280423279566
bootnn,none,bootnn,pre,0.8,300,500,1,101,0.6845555555555556,0.17759325064869225,0.00794221161591269,0.6666666666666666,0.3154444444444444,15.6,0.0,0.6205907590759075,0.12845415528689735,0.5812222222222222,0.641888888888889,7.0,,,,0.8035714285714286,0.6544256120527308,0.5899641577060932,0.6827830687830686,-0.0017724867724869808
neurallinear,none,neurallinear,pre,0.8,300,500,1,101,0.6717777777777778,0.1790605855229179,0.008007832826403183,0.6666666666666666,0.3282222222222222,16.0,0.0,0.6202893289328933,0.13550521111278674,0.6173333333333334,0.6524444444444445,7.0,,,,0.8035714285714286,0.6459510357815443,0.5584229390681004,0.6622486772486771,-0.00952910052910072
bocs_hs,none,bocs_hs,pre,0.8,300,500,1,101,0.6707777777777778,0.2087052199253001,0.009333581180240292,0.6666666666666666,0.3292222222222222,18.2,0.4,0.5837348734873488,0.18033356817549004,0.5265555555555556,0.6024444444444444,7.0,,,,0.8174603174603173,0.652542372881356,0.5326164874551971,0.6592592592592591,-0.011518518518518706
smac,none,smac,pre,0.8,300,500,1,101,0.649888888888889,0.15876773022910537,0.007100308748512557,0.6666666666666666,0.35011111111111104,10.2,0.0,0.6037909790979097,0.12173359630253909,0.589,0.6277777777777778,7.0,,,,0.7519841269841271,0.6167608286252354,0.5770609318996416,0.6492116402116401,-0.0006772486772488318
regevo,none,regevo,pre,0.8,300,500,1,101,0.624,0.16438894873219498,0.007351697282298317,0.6666666666666666,0.376,8.6,0.0,0.595015401540154,0.134383590982447,0.5886666666666667,0.6147777777777778,6.0,,,,0.7202380952380952,0.608286252354049,0.5376344086021506,0.6230899470899469,-0.000910052910053083
sa,none,sa,pre,0.8,300,500,1,101,0.6227777777777779,0.149736691299574,0.006696428409434976,0.6666666666666666,0.3772222222222221,7.000000000000001,0.0,0.5763443344334435,0.12770579166245313,0.5537777777777777,0.6042222222222222,13.0,,,,0.7182539682539683,0.5998116760828625,0.5455197132616487,0.6182063492063491,-0.004571428571428782
combo_slice,none,combo_slice,pre,0.8,300,500,1,101,0.5986666666666667,0.19878823385426897,0.008890080080505408,0.5555555555555556,0.4013333333333333,12.2,0.0,0.5736204620462045,0.17955539862717715,0.5728888888888889,0.5851111111111111,7.0,,,,0.738095238095238,0.5649717514124294,0.48602150537634414,0.5972116402116401,-0.0014550264550265979
ols,none,ols,pre,0.8,300,500,1,101,0.5944444444444444,0.17963362765382168,0.008033460049576627,0.5555555555555556,0.40555555555555556,9.4,0.0,0.5469933993399341,0.16385627269540382,0.5312222222222222,0.5716666666666667,18.0,,,,0.7341269841269842,0.5706214689265536,0.47025089605734777,0.5892116402116401,-0.005232804232804367
combo,none,combo,pre,0.8,300,500,1,101,0.5925555555555554,0.1805304523254421,0.00807356726816947,0.6111111111111112,0.4074444444444446,8.0,0.0,0.5754235423542354,0.16879785008637804,0.5806666666666667,0.5893333333333334,7.0,,,,0.6984126984126985,0.5734463276836158,0.4996415770609319,0.5922433862433861,-0.0003121693121692637
random,none,random,pre,0.8,300,500,1,101,0.3317777777777778,0.2170063680504849,0.009704819810224455,0.3333333333333333,0.6682222222222223,1.4000000000000001,13.0,0.31959735973597353,0.055879708702879574,0.31444444444444447,0.3266666666666666,,,,,0.35119047619047616,0.3145009416195857,0.3304659498207886,0.3217354497354497,-0.010042328042328075
dreamteam,none,dreamteam,pre,1.0,300,500,1,101,0.8781111111111111,0.13914320959595708,0.006222673505281221,0.8888888888888888,0.12188888888888894,48.6,0.0,0.7526479647964796,0.13850564730822204,0.6978888888888889,0.7937777777777778,6.0,39.0,,,0.9702380952380952,0.8860640301318267,0.7691756272401433,0.8598201058201059,-0.018291005291005136
cocabo,none,cocabo,pre,1.0,300,500,1,101,0.8423333333333333,0.1520511759503032,0.006799935309673183,0.8333333333333334,0.15766666666666673,39.800000000000004,0.0,0.7288756875687568,0.13446968032870338,0.695,0.7666666666666666,9.0,46.0,,,0.9603174603174602,0.835216572504708,0.7225806451612903,0.8324285714285713,-0.009904761904761972
gp_onehot,none,gp_onehot,pre,1.0,300,500,1,101,0.7941111111111111,0.16804856484500477,0.007515360290294241,0.8333333333333334,0.2058888888888889,30.0,0.0,0.6682629262926294,0.1324724127635297,0.6086666666666666,0.6906666666666667,9.0,76.0,,,0.9246031746031745,0.7768361581920904,0.6724014336917562,0.7741693121693121,-0.019941798941799038
casmopolitan,none,casmopolitan,pre,1.0,300,500,1,101,0.7845555555555557,0.17386941150076501,0.007775676466471886,0.7777777777777778,0.21544444444444433,30.4,0.0,0.6692321232123212,0.13900881871459891,0.5998888888888889,0.7073333333333334,9.0,73.0,,,0.9404761904761905,0.7580037664783429,0.6458781362007169,0.7689312169312169,-0.015624338624338763
gp_ts,none,gp_ts,pre,1.0,300,500,1,101,0.7782222222222221,0.17687451449860228,0.007910068758122937,0.7777777777777778,0.22177777777777785,29.2,0.0,0.6608734873487349,0.14114654594366105,0.600111111111111,0.6885555555555556,9.0,80.0,,,0.8968253968253967,0.7815442561205274,0.6458781362007169,0.7633544973544975,-0.014867724867724696
cucb,none,cucb,pre,1.0,300,500,1,101,0.7582222222222221,0.17118943168193057,0.007655824125407058,0.6666666666666666,0.24177777777777787,24.8,0.0,0.6786732673267327,0.13841191460394897,0.6496666666666666,0.7051111111111111,6.0,96.0,,,0.8710317460317459,0.751412429378531,0.6437275985663083,0.7457301587301587,-0.012492063492063443
gp_nei,none,gp_nei,pre,1.0,300,500,1,101,0.7225555555555556,0.16858507726458383,0.007539353855113274,0.6666666666666666,0.2774444444444444,19.6,0.0,0.6451540154015402,0.1403557002688999,0.607,0.6786666666666666,9.0,,,,0.8432539682539684,0.7033898305084746,0.6136200716845879,0.7198677248677248,-0.00268783068783085
cts,none,cts,pre,1.0,300,500,1,101,0.7186666666666667,0.1918054528680548,0.00857780062136205,0.6666666666666666,0.2813333333333333,22.0,0.0,0.6203091309130914,0.14755045775443332,0.5734444444444444,0.6393333333333334,13.0,,,,0.8392857142857143,0.7024482109227872,0.6064516129032258,0.7035555555555554,-0.015111111111111297
gp_ucb,none,gp_ucb,pre,1.0,300,500,1,101,0.704,0.17352489286426248,0.0077602691246571815,0.6666666666666666,0.29600000000000004,18.0,0.0,0.629924092409241,0.1457990303213038,0.6022222222222222,0.6595555555555556,9.0,,,,0.8174603174603173,0.6892655367231638,0.5978494623655914,0.697126984126984,-0.00687301587301592
purexp,none,purexp,pre,1.0,300,500,1,101,0.7028888888888889,0.17243861252181458,0.007711689190890477,0.6666666666666666,0.2971111111111111,16.400000000000002,0.0,0.6611463146314631,0.12692611369386061,0.651,0.6937777777777777,9.0,,,,0.8174603174603176,0.6591337099811676,0.628673835125448,0.7093492063492063,0.0064603174603173885
kg,none,kg,pre,1.0,300,500,1,101,0.6743333333333332,0.1722238024363473,0.007702082591823329,0.6666666666666666,0.32566666666666677,14.6,0.0,0.6309702970297029,0.13586503585449036,0.6324444444444445,0.6555555555555556,9.0,,,,0.7956349206349207,0.6487758945386064,0.5720430107526882,0.6743809523809523,4.7619047619074095e-05
bocs,none,bocs,pre,1.0,300,500,1,101,0.67,0.18157204065521176,0.008120148514368179,0.6666666666666666,0.32999999999999996,15.0,0.0,0.630062706270627,0.12777877482056438,0.6298888888888889,0.658888888888889,9.0,,,,0.7996031746031746,0.6271186440677966,0.5784946236559141,0.6719206349206348,0.0019206349206347673
bayesgap,none,bayesgap,pre,1.0,300,500,1,101,0.661,0.17753473004068185,0.007939594494760772,0.6666666666666666,0.33899999999999997,13.200000000000001,0.0,0.6166523652365236,0.14915325922094294,0.6038888888888889,0.6332222222222221,8.0,,,,0.7876984126984128,0.6337099811676082,0.5548387096774193,0.661269841269841,0.0002698412698409758
glm_fpl,none,glm_fpl,pre,1.0,300,500,1,101,0.6582222222222222,0.18565225741115443,0.008302621354952609,0.6666666666666666,0.34177777777777785,14.6,0.0,0.6006732673267327,0.13594067900906046,0.5851111111111111,0.6186666666666666,9.0,,,,0.8015873015873017,0.6177024482109228,0.5491039426523298,0.6510529100529099,-0.00716931216931227
sts,none,sts,pre,1.0,300,500,1,101,0.6566666666666667,0.18309178233080178,0.008188113428265352,0.6666666666666666,0.34333333333333327,13.200000000000001,0.0,0.6228745874587458,0.12757682765391837,0.6267777777777778,0.6485555555555556,9.0,,,,0.7857142857142857,0.6252354048964218,0.5526881720430107,0.65915873015873,0.0024920634920633233
linucb,none,linucb,pre,1.0,300,500,1,101,0.6557777777777777,0.1797677260795592,0.008039457113489122,0.6666666666666666,0.3442222222222223,13.600000000000001,0.0,0.6161727172717272,0.1376888739387131,0.6013333333333334,0.6426666666666666,9.0,,,,0.7857142857142857,0.6290018832391714,0.5455197132616486,0.6557407407407406,-3.703703703705763e-05
bootnn,none,bootnn,pre,1.0,300,500,1,101,0.6527777777777778,0.17265910210863042,0.0077215497849794975,0.6666666666666666,0.3472222222222222,12.0,0.0,0.5881991199119911,0.13619482340385455,0.5614444444444444,0.6067777777777777,9.0,,,,0.771825396825397,0.6242937853107344,0.5562724014336918,0.6415978835978834,-0.0111798941798944
neurallinear,none,neurallinear,pre,1.0,300,500,1,101,0.6312222222222221,0.1739391223346041,0.007778794029736533,0.6666666666666666,0.36877777777777787,10.2,0.0,0.5888327832783278,0.13548670574001978,0.5801111111111111,0.612111111111111,8.0,,,,0.748015873015873,0.5998116760828625,0.5405017921146953,0.6264074074074073,-0.004814814814814827
bocs_hs,none,bocs_hs,pre,1.0,300,500,1,101,0.6287777777777779,0.19725029672130825,0.008821301441016982,0.6666666666666666,0.3712222222222221,12.4,0.0,0.5555984598459847,0.16905468016094166,0.522888888888889,0.5664444444444444,9.0,,,,0.759920634920635,0.6016949152542372,0.517562724014337,0.6198835978835977,-0.008894179894180176
smac,none,smac,pre,1.0,300,500,1,101,0.6197777777777779,0.1729111496322222,0.007732821692905732,0.6666666666666666,0.38022222222222213,9.2,0.0,0.5827282728272827,0.1290966536299375,0.5863333333333334,0.6047777777777777,9.0,,,,0.7261904761904762,0.5875706214689266,0.5412186379928315,0.6177936507936506,-0.00198412698412731
regevo,none,regevo,pre,1.0,300,500,1,101,0.5939999999999999,0.16539199343414432,0.0073965548050589115,0.5555555555555556,0.40600000000000014,7.3999999999999995,0.0,0.5661133113311331,0.12923012283324034,0.5657777777777777,0.5925555555555555,9.0,,,,0.7003968253968255,0.5536723163841808,0.5247311827956987,0.5890370370370369,-0.004962962962962947
sa,none,sa,pre,1.0,300,500,1,101,0.5798888888888888,0.1628008199592093,0.00728067400442993,0.5555555555555556,0.4201111111111112,5.2,0.0,0.5487744774477447,0.14220615871490971,0.5513333333333333,0.5687777777777777,14.0,,,,0.6686507936507937,0.5621468926553672,0.5039426523297491,0.5796031746031745,-0.00028571428571433355
combo_slice,none,combo_slice,pre,1.0,300,500,1,101,0.574,0.19640891416915252,0.008783673669382933,0.5555555555555556,0.42600000000000005,9.0,0.0,0.5487623762376237,0.17915273124516462,0.5481111111111111,0.5587777777777777,9.0,,,,0.7043650793650794,0.544256120527307,0.4666666666666666,0.571126984126984,-0.002873015873015916
combo,none,combo,pre,1.0,300,500,1,101,0.5691111111111111,0.1912933268335989,0.008554897648840234,0.5555555555555556,0.4308888888888889,7.199999999999999,0.0,0.5518723872387238,0.177514951631595,0.556,0.5661111111111111,9.0,,,,0.6686507936507937,0.5574387947269303,0.4745519713261649,0.5685291005291004,-0.0005820105820106836
ols,none,ols,pre,1.0,300,500,1,101,0.5485555555555557,0.16829277980437363,0.0075262819152996634,0.5,0.4514444444444443,5.0,0.0,0.518925192519252,0.15453242983202484,0.502,0.549,25.0,,,,0.6547619047619048,0.532015065913371,0.4523297491039427,0.5481375661375659,-0.0004179894179897614
random,none,random,pre,1.0,300,500,1,101,0.3228888888888889,0.20430326803473234,0.009136719907020427,0.3333333333333333,0.6771111111111111,1.0,13.8,0.319985698569857,0.05548204814308368,0.31922222222222224,0.33055555555555555,,,,,0.2996031746031746,0.3427495291902072,0.3254480286738351,0.317952380952381,-0.004936507936507906
