algorithm,switch_limit,condition,phase,noise_level,n_rows,churn_mean,churn_late_mean,churn_late_frac_of_team,hamming_mean,hamming_late_mean,pct_rounds_played_optimum,pct_rounds_blocked_by_limit,requested_changes_mean,final_perf_mean
bayesgap,none,bayesgap,all,0.0,150000,1.44194,1.1385,0.20760555555555557,1.7411,1.7196,12.479999999999999,0.0,1.44194,0.638888888888889
bayesgap,none,bayesgap,all,0.2,150000,1.2722066666666667,0.9178,0.1718611111111111,1.60716,1.5482,14.45,0.0,1.2722066666666667,0.6402222222222221
bayesgap,none,bayesgap,all,0.4,150000,1.659,1.1889,0.2095611111111111,2.01458,1.7507,12.6,0.0,1.659,0.6268888888888889
bayesgap,none,bayesgap,all,0.6,150000,1.94324,1.4799,0.25725,2.405186666666667,2.1475,7.7700000000000005,0.0,1.94324,0.5997777777777779
bayesgap,none,bayesgap,all,0.8,150000,2.082046666666667,1.5117,0.25605000000000006,2.6411066666666665,2.3798,7.68,0.0,2.082046666666667,0.5823333333333333
bayesgap,none,bayesgap,all,1.0,150000,2.18916,1.6565,0.2842388888888889,2.7906666666666666,2.4974,8.06,0.0,2.18916,0.5532222222222222
bayesgap,none,bayesgap,all,-1.0,900000,1.7645988888888888,1.31555,0.23109444444444444,2.1999666666666666,2.0072,10.506666666666668,0.0,1.7645988888888888,0.6068888888888888
bocs_hs,none,bocs_hs,all,0.0,150000,0.8035066666666667,0.679,0.12214444444444443,1.14986,0.9615,41.21,0.0,0.8035066666666667,0.6687777777777778
bocs_hs,none,bocs_hs,all,0.2,150000,1.4580133333333334,1.0812,0.17782777777777778,1.50268,1.2148,27.18,0.0,1.4580133333333334,0.6636666666666667
bocs_hs,none,bocs_hs,all,0.4,150000,2.2045066666666666,1.7132,0.2667222222222222,2.0803066666666665,1.652,18.16,0.0,2.2045066666666666,0.6425555555555555
bocs_hs,none,bocs_hs,all,0.6,150000,2.6160866666666664,2.1927,0.3400944444444444,2.4493066666666667,2.0563,13.200000000000001,0.0,2.6160866666666664,0.6047777777777779
bocs_hs,none,bocs_hs,all,0.8,150000,2.85626,2.5078,0.3926555555555556,2.7140066666666667,2.3668,9.07,0.0,2.85626,0.5645555555555557
bocs_hs,none,bocs_hs,all,1.0,150000,2.99508,2.6593,0.42020555555555555,2.88174,2.4998,9.030000000000001,0.0,2.99508,0.5498888888888889
bocs_hs,none,bocs_hs,all,-1.0,900000,2.1555755555555556,1.8055333333333334,0.28660833333333335,2.12965,1.7918666666666667,19.641666666666666,0.0,2.1555755555555556,0.6157037037037038
bocs,none,bocs,all,0.0,150000,0.93152,0.7997,0.12771111111111108,0.97306,0.6183,67.5,0.0,0.93152,0.9254444444444444
bocs,none,bocs,all,0.2,150000,2.4043533333333333,2.228,0.31475,1.98618,1.6681,34.47,0.0,2.4043533333333333,0.861
bocs,none,bocs,all,0.4,150000,3.0985733333333334,2.9938,0.4461611111111111,2.6448466666666666,2.4255,17.150000000000002,0.0,3.0985733333333334,0.7615555555555557
bocs,none,bocs,all,0.6,150000,3.37116,3.2953,0.5019222222222222,2.96826,2.7828,13.81,0.0,3.37116,0.687
bocs,none,bocs,all,0.8,150000,3.493786666666667,3.4377,0.5320166666666666,3.1368733333333334,2.9773,9.879999999999999,0.0,3.493786666666667,0.6513333333333332
bocs,none,bocs,all,1.0,150000,3.563353333333333,3.5251,0.55285,3.2503,3.1119,7.88,0.0,3.563353333333333,0.616111111111111
bocs,none,bocs,all,-1.0,900000,2.8104577777777777,2.7132666666666667,0.4125685185185185,2.4932533333333335,2.2639833333333335,25.115,0.0,2.8104577777777777,0.7504074074074074
bootnn,none,bootnn,all,0.0,150000,0.41994,0.2389,0.04591666666666666,1.39624,1.6977,11.07,0.0,0.41994,0.6911111111111111
bootnn,none,bootnn,all,0.2,150000,0.7384133333333334,0.4973,0.07569444444444444,1.5773,1.6098,11.64,0.0,0.7384133333333334,0.7113333333333333
bootnn,none,bootnn,all,0.4,150000,1.4353133333333334,1.3847,0.18602222222222223,2.091893333333333,1.9992,11.05,0.0,1.4353133333333334,0.6682222222222222
bootnn,none,bootnn,all,0.6,150000,1.8254,1.9126,0.26844444444444443,2.4718133333333334,2.402,7.180000000000001,0.0,1.8254,0.614111111111111
bootnn,none,bootnn,all,0.8,150000,2.0354,2.2118,0.3116722222222222,2.6822266666666668,2.6516,5.99,0.0,2.0354,0.574
bootnn,none,bootnn,all,1.0,150000,2.1227533333333333,2.3014,0.32651111111111114,2.8276266666666667,2.7526,7.000000000000001,0.0,2.1227533333333333,0.5466666666666667
bootnn,none,bootnn,all,-1.0,900000,1.4295366666666667,1.42445,0.20237685185185186,2.174516666666667,2.1854833333333334,8.988333333333333,0.0,1.4295366666666667,0.6342407407407408
casmopolitan,none,casmopolitan,all,0.0,150000,0.6289866666666667,0.6428,0.14194444444444443,0.5787733333333334,0.6076,66.10000000000001,0.0,0.6289866666666667,0.9268888888888889
casmopolitan,none,casmopolitan,all,0.2,150000,1.2593533333333333,1.3851,0.2569166666666666,1.2611333333333334,1.4227,24.58,0.0,1.2593533333333333,0.8743333333333334
casmopolitan,none,casmopolitan,all,0.4,150000,1.7192333333333334,1.9298,0.3480333333333333,2.0506866666666665,2.2116,10.2,0.0,1.7192333333333334,0.8171111111111112
casmopolitan,none,casmopolitan,all,0.6,150000,1.9286333333333334,2.2113,0.3923777777777777,2.473,2.6974,5.56,0.0,1.9286333333333334,0.7711111111111111
casmopolitan,none,casmopolitan,all,0.8,150000,2.0040666666666667,2.233,0.4028333333333333,2.696013333333333,2.8545,4.34,0.0,2.0040666666666667,0.7524444444444445
casmopolitan,none,casmopolitan,all,1.0,150000,2.03958,2.2558,0.40645555555555557,2.874686666666667,2.9873,3.7600000000000002,0.0,2.03958,0.721
casmopolitan,none,casmopolitan,all,-1.0,900000,1.5966422222222223,1.7763,0.32476018518518524,1.9890488888888889,2.1301833333333335,19.09,0.0,1.5966422222222223,0.8104814814814816
cocabo,none,cocabo,all,0.0,150000,2.9330666666666665,2.8608,0.4843388888888889,2.2611933333333334,2.3959,18.21,0.0,2.9330666666666665,0.8463333333333334
cocabo,none,cocabo,all,0.2,150000,3.10118,3.2379,0.5401611111111111,2.4720733333333333,2.735,11.97,0.0,3.10118,0.8388888888888889
cocabo,none,cocabo,all,0.4,150000,3.24596,3.3636,0.5628166666666666,2.6957866666666668,2.8606,9.520000000000001,0.0,3.24596,0.8225555555555557
cocabo,none,cocabo,all,0.6,150000,3.3143066666666665,3.377,0.5710555555555555,2.8570533333333334,2.9181,7.2700000000000005,0.0,3.3143066666666665,0.8135555555555557
cocabo,none,cocabo,all,0.8,150000,3.3410466666666667,3.3507,0.5699666666666666,2.960933333333333,2.9167,6.38,0.0,3.3410466666666667,0.7933333333333332
cocabo,none,cocabo,all,1.0,150000,3.3513333333333333,3.2881,0.5617111111111112,3.03264,2.8927,5.59,0.0,3.3513333333333333,0.7841111111111111
cocabo,none,cocabo,all,-1.0,900000,3.2144822222222222,3.24635,0.5483416666666665,2.71328,2.7865,9.823333333333334,0.0,3.2144822222222222,0.816462962962963
combo,none,combo,all,0.0,150000,0.16254666666666667,0.0446,0.007527777777777777,2.312273333333333,2.6192,5.6000000000000005,0.0,0.16254666666666667,0.5537777777777778
combo,none,combo,all,0.2,150000,0.15869333333333333,0.0299,0.005677777777777777,2.4945466666666665,2.7519,6.3,0.0,0.15869333333333333,0.5337777777777778
combo,none,combo,all,0.4,150000,0.14717333333333332,0.0201,0.005161111111111111,2.7644333333333333,2.9715,5.6000000000000005,0.0,0.14717333333333332,0.5068888888888889
combo,none,combo,all,0.6,150000,0.15096,0.0228,0.005783333333333334,2.908646666666667,3.076,3.8,0.0,0.15096,0.4836666666666667
combo,none,combo,all,0.8,150000,0.15457333333333334,0.0188,0.005177777777777777,3.0091266666666665,3.1754,2.17,0.0,0.15457333333333334,0.4686666666666667
combo,none,combo,all,1.0,150000,0.15939333333333333,0.023,0.0062499999999999995,3.0860533333333335,3.2518,3.5999999999999996,0.0,0.15939333333333333,0.46244444444444444
combo,none,combo,all,-1.0,900000,0.15555666666666668,0.026533333333333332,0.0059296296296296284,2.762513333333333,2.9743,4.511666666666667,0.0,0.15555666666666668,0.501537037037037
combo_slice,none,combo_slice,all,0.0,150000,0.19915333333333332,0.1119,0.020122222222222222,2.3565066666666667,2.4096,8.36,0.0,0.19915333333333332,0.5963333333333333
combo_slice,none,combo_slice,all,0.2,150000,0.18806,0.1051,0.021505555555555556,2.51706,2.6124,8.799999999999999,0.0,0.18806,0.5637777777777778
combo_slice,none,combo_slice,all,0.4,150000,0.18272666666666668,0.0665,0.014805555555555554,2.789353333333333,2.8737,8.110000000000001,0.0,0.18272666666666668,0.5388888888888889
combo_slice,none,combo_slice,all,0.6,150000,0.19216,0.0814,0.019455555555555556,2.8653866666666667,2.9022,8.5,0.0,0.19216,0.528
combo_slice,none,combo_slice,all,0.8,150000,0.19970666666666667,0.0644,0.013933333333333332,2.9688066666666666,3.0077,5.01,0.0,0.19970666666666667,0.5084444444444445
combo_slice,none,combo_slice,all,1.0,150000,0.20848,0.0819,0.01826111111111111,3.02886,3.0875,4.79,0.0,0.20848,0.49988888888888894
combo_slice,none,combo_slice,all,-1.0,900000,0.19504777777777776,0.0852,0.01801388888888889,2.754328888888889,2.8155166666666664,7.261666666666667,0.0,0.19504777777777776,0.5392222222222222
cts,none,cts,all,0.0,150000,1.62376,1.0341,0.16757777777777777,2.2200333333333333,1.9162,11.49,0.0,1.62376,0.7042222222222223
cts,none,cts,all,0.2,150000,1.7106066666666666,1.0909,0.17872222222222223,2.2799133333333335,1.9407,11.73,0.0,1.7106066666666666,0.7102222222222222
cts,none,cts,all,0.4,150000,1.887,1.3833,0.22878333333333334,2.3736333333333333,2.0283,10.780000000000001,0.0,1.887,0.7115555555555556
cts,none,cts,all,0.6,150000,2.05774,1.5851,0.25451666666666667,2.5330933333333334,2.2059,10.12,0.0,2.05774,0.7066666666666668
cts,none,cts,all,0.8,150000,2.14056,1.6601,0.27086666666666664,2.67132,2.3594,7.580000000000001,0.0,2.14056,0.6723333333333332
cts,none,cts,all,1.0,150000,2.2629133333333336,1.8049,0.2877944444444444,2.721173333333333,2.3912,7.85,0.0,2.2629133333333336,0.6763333333333332
cts,none,cts,all,-1.0,900000,1.9470966666666667,1.4264,0.23137685185185186,2.466527777777778,2.1402833333333335,9.925,0.0,1.9470966666666667,0.696888888888889
cucb,none,cucb,all,0.0,150000,2.7301533333333334,1.7034,0.27685,2.3593533333333334,1.8501,22.34,0.0,2.7301533333333334,0.7617777777777778
cucb,none,cucb,all,0.2,150000,2.5562733333333334,1.2447,0.20039444444444443,2.3777,1.6776,26.33,0.0,2.5562733333333334,0.783
cucb,none,cucb,all,0.4,150000,2.5684066666666667,1.376,0.2147055555555555,2.6404133333333335,2.0619,20.52,0.0,2.5684066666666667,0.7655555555555555
cucb,none,cucb,all,0.6,150000,2.51746,1.5666,0.24741666666666665,2.8249666666666666,2.4017,13.309999999999999,0.0,2.51746,0.7298888888888889
cucb,none,cucb,all,0.8,150000,2.4583333333333335,1.4938,0.23435555555555557,2.94688,2.5532,12.22,0.0,2.4583333333333335,0.7218888888888889
cucb,none,cucb,all,1.0,150000,2.4489466666666666,1.5935,0.2529222222222222,3.0530133333333334,2.728,8.76,0.0,2.4489466666666666,0.6961111111111111
cucb,none,cucb,all,-1.0,900000,2.5465955555555557,1.4963333333333333,0.23777407407407408,2.700387777777778,2.212083333333333,17.246666666666666,0.0,2.5465955555555557,0.743037037037037
dreamteam,none,dreamteam,all,0.0,150000,3.94636,3.9693,0.6661388888888888,3.6317466666666665,3.6481,2.64,0.0,3.94636,0.8383333333333334
dreamteam,none,dreamteam,all,0.2,150000,3.9484,3.9814,0.6660388888888887,3.63466,3.6628,2.48,0.0,3.9484,0.8305555555555556
dreamteam,none,dreamteam,all,0.4,150000,3.9502,3.9635,0.6648111111111111,3.645853333333333,3.6533,2.37,0.0,3.9502,0.8325555555555556
dreamteam,none,dreamteam,all,0.6,150000,3.9452133333333332,3.9717,0.6669777777777778,3.6554466666666667,3.6632,2.48,0.0,3.9452133333333332,0.8317777777777778
dreamteam,none,dreamteam,all,0.8,150000,3.9481866666666665,3.9617,0.6655277777777777,3.6694733333333334,3.6912,2.48,0.0,3.9481866666666665,0.8207777777777778
dreamteam,none,dreamteam,all,1.0,150000,3.94618,3.9763,0.6659333333333333,3.69016,3.7128,1.9900000000000002,0.0,3.94618,0.809
dreamteam,none,dreamteam,all,-1.0,900000,3.9474233333333335,3.97065,0.6659046296296297,3.6545566666666667,3.6719,2.4066666666666667,0.0,3.9474233333333335,0.8271666666666667
glm_fpl,none,glm_fpl,all,0.0,150000,1.9486266666666667,2.2233,0.3032055555555555,1.89184,2.0032,22.12,0.0,1.9486266666666667,0.7913333333333333
glm_fpl,none,glm_fpl,all,0.2,150000,2.1866266666666667,2.4857,0.34725,2.0868066666666665,2.1921,15.229999999999999,0.0,2.1866266666666667,0.7814444444444445
glm_fpl,none,glm_fpl,all,0.4,150000,2.407653333333333,2.6693,0.37826111111111116,2.40286,2.4261,11.84,0.0,2.407653333333333,0.7141111111111111
glm_fpl,none,glm_fpl,all,0.6,150000,2.50176,2.7288,0.38990555555555556,2.61272,2.5866,10.879999999999999,0.0,2.50176,0.6541111111111112
glm_fpl,none,glm_fpl,all,0.8,150000,2.53586,2.7867,0.39952777777777776,2.80098,2.7541,8.1,0.0,2.53586,0.600111111111111
glm_fpl,none,glm_fpl,all,1.0,150000,2.538126666666667,2.7624,0.39495555555555556,2.914013333333333,2.8434,7.670000000000001,0.0,2.538126666666667,0.5757777777777778
glm_fpl,none,glm_fpl,all,-1.0,900000,2.353108888888889,2.609366666666667,0.3688509259259259,2.4515366666666667,2.4675833333333332,12.64,0.0,2.353108888888889,0.6861481481481481
gp_nei,none,gp_nei,all,0.0,150000,0.30811333333333335,0.2933,0.0625,0.8175,0.6927,49.480000000000004,0.0,0.30811333333333335,0.7826666666666667
gp_nei,none,gp_nei,all,0.2,150000,0.37737333333333334,0.2233,0.04263888888888888,1.1332266666666666,1.0533,25.790000000000003,0.0,0.37737333333333334,0.7596666666666667
gp_nei,none,gp_nei,all,0.4,150000,0.47126,0.27,0.0465,1.64878,1.4462,15.659999999999998,0.0,0.47126,0.7347777777777779
gp_nei,none,gp_nei,all,0.6,150000,0.5653133333333333,0.3334,0.05341666666666666,1.97376,1.7191,11.57,0.0,0.5653133333333333,0.7041111111111111
gp_nei,none,gp_nei,all,0.8,150000,0.6695333333333333,0.4129,0.06624999999999999,2.2047333333333334,2.0065,10.51,0.0,0.6695333333333333,0.6757777777777778
gp_nei,none,gp_nei,all,1.0,150000,0.7531666666666667,0.4607,0.07173333333333334,2.3953933333333333,2.1406,8.64,0.0,0.7531666666666667,0.6507777777777778
gp_nei,none,gp_nei,all,-1.0,900000,0.5241266666666666,0.33226666666666665,0.05717314814814815,1.6955655555555555,1.5097333333333334,20.275000000000002,0.0,0.5241266666666666,0.7179629629629629
gp_onehot,none,gp_onehot,all,0.0,150000,0.4551733333333333,0.1336,0.01982222222222222,0.42518,0.083,96.41999999999999,0.0,0.4551733333333333,0.9533333333333333
gp_onehot,none,gp_onehot,all,0.2,150000,1.1424866666666667,0.9915,0.17792777777777777,1.07798,0.8592,39.21,0.0,1.1424866666666667,0.8904444444444445
gp_onehot,none,gp_onehot,all,0.4,150000,1.6983733333333333,1.6776,0.30972222222222223,1.8419066666666666,1.6689,16.259999999999998,0.0,1.6983733333333333,0.8306666666666668
gp_onehot,none,gp_onehot,all,0.6,150000,1.9761066666666667,2.027,0.3778444444444444,2.2821,2.1462,7.8,0.0,1.9761066666666667,0.7898888888888888
gp_onehot,none,gp_onehot,all,0.8,150000,2.0527333333333333,2.1477,0.40807222222222217,2.4818533333333335,2.3852,6.3,0.0,2.0527333333333333,0.764
gp_onehot,none,gp_onehot,all,1.0,150000,2.1232,2.1563,0.4062722222222222,2.681826666666667,2.554,5.76,0.0,2.1232,0.744
gp_onehot,none,gp_onehot,all,-1.0,900000,1.574678888888889,1.5222833333333334,0.2832768518518518,1.7984744444444445,1.6160833333333333,28.625,0.0,1.574678888888889,0.8287222222222221
gp_ts,none,gp_ts,all,0.0,150000,0.4815,0.5238,0.09897222222222223,0.8355666666666667,0.8862,39.62,0.0,0.4815,0.8562222222222222
gp_ts,none,gp_ts,all,0.2,150000,0.9533133333333333,0.8222,0.13951111111111114,1.2702333333333333,1.1747,26.21,0.0,0.9533133333333333,0.8314444444444444
gp_ts,none,gp_ts,all,0.4,150000,1.4562333333333333,1.152,0.1940222222222222,1.75752,1.5079,16.84,0.0,1.4562333333333333,0.7897777777777777
gp_ts,none,gp_ts,all,0.6,150000,1.8550533333333334,1.4275,0.23946666666666666,2.1565866666666667,1.8508,12.08,0.0,1.8550533333333334,0.7536666666666667
gp_ts,none,gp_ts,all,0.8,150000,2.1449666666666665,1.6806,0.27824444444444446,2.4167666666666667,2.0611,9.5,0.0,2.1449666666666665,0.7266666666666668
gp_ts,none,gp_ts,all,1.0,150000,2.3285666666666667,1.8442,0.3028444444444444,2.59646,2.2501,8.74,0.0,2.3285666666666667,0.7128888888888889
gp_ts,none,gp_ts,all,-1.0,900000,1.5366055555555556,1.2417166666666666,0.20884351851851854,1.8388555555555555,1.6218,18.831666666666667,0.0,1.5366055555555556,0.7784444444444445
gp_ucb,none,gp_ucb,all,0.0,150000,0.2928266666666667,0.364,0.07077222222222222,0.8617266666666666,0.9558,28.470000000000002,0.0,0.2928266666666667,0.7514444444444446
gp_ucb,none,gp_ucb,all,0.2,150000,0.3296,0.1807,0.032494444444444444,1.18572,1.2827,15.9,0.0,0.3296,0.7225555555555554
gp_ucb,none,gp_ucb,all,0.4,150000,0.41542666666666667,0.2143,0.03795,1.6983933333333334,1.6676,10.8,0.0,0.41542666666666667,0.6951111111111111
gp_ucb,none,gp_ucb,all,0.6,150000,0.48607333333333336,0.2556,0.04268333333333333,1.99654,1.8448,9.87,0.0,0.48607333333333336,0.6755555555555557
gp_ucb,none,gp_ucb,all,0.8,150000,0.5653666666666667,0.2934,0.046572222222222216,2.243186666666667,2.0758,8.61,0.0,0.5653666666666667,0.6485555555555556
gp_ucb,none,gp_ucb,all,1.0,150000,0.6056133333333333,0.2956,0.04646666666666666,2.4271266666666667,2.2191,6.59,0.0,0.6056133333333333,0.6285555555555556
gp_ucb,none,gp_ucb,all,-1.0,900000,0.4491511111111111,0.26726666666666665,0.046156481481481486,1.7354488888888888,1.6743,13.373333333333335,0.0,0.4491511111111111,0.6869629629629629
kg,none,kg,all,0.0,150000,2.821693333333333,3.1049,0.5448388888888889,2.14864,2.3499,8.61,0.0,2.821693333333333,0.9964444444444445
kg,none,kg,all,0.2,150000,2.840953333333333,2.9474,0.501688888888889,2.3766666666666665,2.4072,8.14,0.0,2.840953333333333,0.9166666666666667
kg,none,kg,all,0.4,150000,2.8698,2.8905,0.46490555555555546,2.651013333333333,2.5399,11.020000000000001,0.0,2.8698,0.814
kg,none,kg,all,0.6,150000,3.02642,3.0639,0.48975555555555556,2.9289,2.7879,8.33,0.0,3.02642,0.7184444444444444
kg,none,kg,all,0.8,150000,3.08052,3.1776,0.5027555555555555,3.07642,3.0148,6.529999999999999,0.0,3.08052,0.65
kg,none,kg,all,1.0,150000,3.14848,3.2308,0.5113055555555555,3.1944133333333333,3.0941,6.2700000000000005,0.0,3.14848,0.617
kg,none,kg,all,-1.0,900000,2.9646444444444446,3.069183333333333,0.5025416666666666,2.7293422222222223,2.6989666666666667,8.15,0.0,2.9646444444444446,0.7854259259259257
linucb,none,linucb,all,0.0,150000,0.26020666666666664,0.1979,0.05342777777777777,0.8370466666666667,0.4042,67.86,0.0,0.26020666666666664,0.697
linucb,none,linucb,all,0.2,150000,0.5832,0.3903,0.059866666666666665,1.18916,1.089,27.47,0.0,0.5832,0.7247777777777779
linucb,none,linucb,all,0.4,150000,1.2832333333333332,0.9916,0.13084444444444446,1.9047866666666666,1.6828,16.72,0.0,1.2832333333333332,0.6798888888888889
linucb,none,linucb,all,0.6,150000,1.7321866666666668,1.4873,0.19573333333333334,2.3666533333333333,2.1473,10.73,0.0,1.7321866666666668,0.613111111111111
linucb,none,linucb,all,0.8,150000,1.94024,1.6482,0.2166666666666667,2.628206666666667,2.395,10.54,0.0,1.94024,0.5675555555555556
linucb,none,linucb,all,1.0,150000,2.0349466666666665,1.8007,0.23956666666666665,2.8057266666666667,2.6019,8.06,0.0,2.0349466666666665,0.5445555555555556
linucb,none,linucb,all,-1.0,900000,1.305668888888889,1.086,0.14935092592592591,1.9552633333333334,1.7200333333333333,23.563333333333333,0.0,1.305668888888889,0.6378148148148148
neurallinear,none,neurallinear,all,0.0,150000,0.2658066666666667,0.0299,0.004933333333333333,1.3165066666666667,1.7695,10.6,0.0,0.2658066666666667,0.6645555555555557
neurallinear,none,neurallinear,all,0.2,150000,0.3623866666666667,0.0882,0.014283333333333332,1.6167333333333334,1.9276,9.48,0.0,0.3623866666666667,0.6474444444444445
neurallinear,none,neurallinear,all,0.4,150000,0.8356533333333334,0.4749,0.06089999999999999,2.07174,2.1103,7.9799999999999995,0.0,0.8356533333333334,0.627
neurallinear,none,neurallinear,all,0.6,150000,1.26134,0.9971,0.12886666666666666,2.3734533333333334,2.4056,7.140000000000001,0.0,1.26134,0.5672222222222222
neurallinear,none,neurallinear,all,0.8,150000,1.5619066666666668,1.3146,0.1722888888888889,2.6074533333333334,2.5498,3.7600000000000002,0.0,1.5619066666666668,0.5324444444444445
neurallinear,none,neurallinear,all,1.0,150000,1.7264666666666666,1.4407,0.18895555555555557,2.78988,2.6961,5.16,0.0,1.7264666666666666,0.5207777777777778
neurallinear,none,neurallinear,all,-1.0,900000,1.00226,0.7242333333333333,0.09503796296296296,2.1292944444444446,2.24315,7.3533333333333335,0.0,1.00226,0.5932407407407407
ols,none,ols,all,0.0,150000,1.8429,1.8431,0.3697388888888889,2.9605533333333334,2.6308,2.16,0.0,1.8429,0.8
ols,none,ols,all,0.2,150000,1.8415,1.8513,0.37078333333333335,3.1898666666666666,3.0778,2.26,0.0,1.8415,0.7067777777777778
ols,none,ols,all,0.4,150000,1.84426,1.85,0.3690388888888889,3.4692,3.4052,2.33,0.0,1.84426,0.6202222222222221
ols,none,ols,all,0.6,150000,1.84828,1.8578,0.37059999999999993,3.610186666666667,3.5961,2.18,0.0,1.84828,0.544
ols,none,ols,all,0.8,150000,1.8482666666666667,1.852,0.3691055555555556,3.7264133333333334,3.6778,2.08,0.0,1.8482666666666667,0.5262222222222221
ols,none,ols,all,1.0,150000,1.8488933333333333,1.86,0.3708722222222222,3.793346666666667,3.7445,2.0500000000000003,0.0,1.8488933333333333,0.49522222222222223
ols,none,ols,all,-1.0,900000,1.8456833333333333,1.8523666666666667,0.3700231481481482,3.4582611111111112,3.355366666666667,2.1766666666666667,0.0,1.8456833333333333,0.6154074074074074
purexp,none,purexp,all,0.0,150000,4.023853333333333,4.0316,0.6799444444444445,4.03662,4.0406,1.28,0.0,4.023853333333333,0.8272222222222222
purexp,none,purexp,all,0.2,150000,4.0249,4.0407,0.6801166666666667,4.037846666666667,4.0408,1.0699999999999998,0.0,4.0249,0.8006666666666667
purexp,none,purexp,all,0.4,150000,4.023953333333333,4.0531,0.6841444444444444,4.037226666666666,4.0522,1.29,0.0,4.023953333333333,0.7302222222222222
purexp,none,purexp,all,0.6,150000,4.02436,4.025,0.6785555555555556,4.035686666666667,4.0253,1.24,0.0,4.02436,0.6805555555555556
purexp,none,purexp,all,0.8,150000,4.02144,4.058,0.6846555555555557,4.03542,4.04,1.13,0.0,4.02144,0.6263333333333334
purexp,none,purexp,all,1.0,150000,4.01776,4.0265,0.67915,4.039046666666667,4.0521,1.21,0.0,4.01776,0.5935555555555555
purexp,none,purexp,all,-1.0,900000,4.022711111111111,4.03915,0.6810944444444446,4.036974444444445,4.041833333333333,1.2033333333333334,0.0,4.022711111111111,0.7097592592592593
random,none,random,all,0.0,150000,4.032906666666666,4.0256,0.6790222222222223,4.043166666666667,4.0338,1.21,0.0,4.032906666666666,0.32411111111111107
random,none,random,all,0.2,150000,4.032653333333333,4.012,0.6773777777777779,4.036506666666667,4.0373,1.15,0.0,4.032653333333333,0.3226666666666666
random,none,random,all,0.4,150000,4.0382533333333335,4.0452,0.6816333333333332,4.03638,4.0378,1.29,0.0,4.0382533333333335,0.2981111111111111
random,none,random,all,0.6,150000,4.03438,4.0284,0.6781722222222223,4.03416,4.0541,1.16,0.0,4.03438,0.3271111111111111
random,none,random,all,0.8,150000,4.037286666666667,4.0381,0.6798944444444445,4.040113333333333,4.0393,1.05,0.0,4.037286666666667,0.3226666666666666
random,none,random,all,1.0,150000,4.037433333333333,4.035,0.6805333333333333,4.03686,4.0473,0.95,0.0,4.037433333333333,0.314
random,none,random,all,-1.0,900000,4.035485555555556,4.030716666666667,0.6794388888888889,4.037864444444445,4.0416,1.135,0.0,4.035485555555556,0.31811111111111107
regevo,none,regevo,all,0.0,150000,2.45032,2.3493,0.4365055555555556,2.0852866666666667,1.7823,5.0200000000000005,0.0,2.45032,0.8578888888888889
regevo,none,regevo,all,0.2,150000,2.5141066666666667,2.4054,0.44222777777777783,2.388386666666667,2.1462,4.71,0.0,2.5141066666666667,0.7203333333333334
regevo,none,regevo,all,0.4,150000,2.5774,2.5072,0.4569388888888889,2.6768,2.4728,4.279999999999999,0.0,2.5774,0.6238888888888889
regevo,none,regevo,all,0.6,150000,2.62748,2.544,0.46422222222222226,2.8827,2.7122,3.44,0.0,2.62748,0.565
regevo,none,regevo,all,0.8,150000,2.6592333333333333,2.5964,0.4736,3.0046133333333334,2.8306,3.44,0.0,2.6592333333333333,0.5114444444444445
regevo,none,regevo,all,1.0,150000,2.6781333333333333,2.5756,0.46937222222222225,3.0795,2.9398,3.17,0.0,2.6781333333333333,0.48844444444444446
regevo,none,regevo,all,-1.0,900000,2.5844455555555554,2.4963166666666665,0.45714444444444446,2.6862144444444445,2.48065,4.01,0.0,2.5844455555555554,0.6278333333333334
sa,none,sa,all,0.0,150000,1.4905133333333334,1.6971,0.33595555555555556,2.07822,1.0273,0.09,0.0,1.4905133333333334,0.807
sa,none,sa,all,0.2,150000,1.5291333333333332,1.6564,0.32802222222222227,2.5437066666666666,2.1308,1.6400000000000001,0.0,1.5291333333333332,0.6647777777777778
sa,none,sa,all,0.4,150000,1.5504933333333333,1.6357,0.3219722222222222,2.8445,2.5747,3.83,0.0,1.5504933333333333,0.600111111111111
sa,none,sa,all,0.6,150000,1.5522133333333332,1.6092,0.3176333333333333,3.0076666666666667,2.7672,3.5700000000000003,0.0,1.5522133333333332,0.5541111111111111
sa,none,sa,all,0.8,150000,1.5456133333333333,1.6022,0.3174944444444444,3.14134,2.9358,3.92,0.0,1.5456133333333333,0.5164444444444445
sa,none,sa,all,1.0,150000,1.5393133333333333,1.5728,0.3100555555555556,3.217433333333333,3.0575,3.7699999999999996,0.0,1.5393133333333333,0.47944444444444445
sa,none,sa,all,-1.0,900000,1.5345466666666667,1.6289,0.3218555555555556,2.805477777777778,2.41555,2.8033333333333332,0.0,1.5345466666666667,0.6036481481481482
smac,none,smac,all,0.0,150000,4.0253733333333335,4.0282,0.6787555555555554,3.182873333333333,3.2166,5.48,0.0,4.0253733333333335,0.793
smac,none,smac,all,0.2,150000,4.024206666666666,4.0171,0.6761222222222222,3.3499133333333333,3.3528,4.5600000000000005,0.0,4.024206666666666,0.741111111111111
smac,none,smac,all,0.4,150000,4.02052,4.0176,0.6781666666666666,3.43986,3.4344,2.21,0.0,4.02052,0.6541111111111111
smac,none,smac,all,0.6,150000,4.027453333333334,4.054,0.6832611111111111,3.4684933333333334,3.4455,2.71,0.0,4.027453333333334,0.608
smac,none,smac,all,0.8,150000,4.025706666666666,4.0301,0.6786,3.516373333333333,3.486,1.4200000000000002,0.0,4.025706666666666,0.5576666666666666
smac,none,smac,all,1.0,150000,4.020453333333333,4.0375,0.6806111111111112,3.5554533333333334,3.5453,1.9,0.0,4.020453333333333,0.5531111111111111
smac,none,smac,all,-1.0,900000,4.023952222222222,4.03075,0.6792527777777777,3.4188277777777776,3.4134333333333333,3.0466666666666664,0.0,4.023952222222222,0.6511666666666667
sts,none,sts,all,0.0,150000,0.6897333333333333,0.5782,0.0873,0.9605466666666667,0.6505,64.45,0.0,0.6897333333333333,0.8618888888888889
sts,none,sts,all,0.2,150000,1.9426533333333333,1.6492,0.22272777777777777,1.8849866666666666,1.5299,36.78,0.0,1.9426533333333333,0.8305555555555556
sts,none,sts,all,0.4,150000,2.69848,2.4602,0.3483277777777778,2.5877066666666666,2.325,20.31,0.0,2.69848,0.7403333333333333
sts,none,sts,all,0.6,150000,2.9900333333333333,2.84,0.41545,2.9172333333333333,2.7604,13.750000000000002,0.0,2.9900333333333333,0.6661111111111111
sts,none,sts,all,0.8,150000,3.145793333333333,2.9867,0.44535,3.1044133333333335,2.9367,10.43,0.0,3.145793333333333,0.6426666666666667
sts,none,sts,all,1.0,150000,3.22036,3.0503,0.45746111111111115,3.21502,3.0399,9.569999999999999,0.0,3.22036,0.593111111111111
sts,none,sts,all,-1.0,900000,2.447842222222222,2.2607666666666666,0.3294361111111112,2.4449844444444446,2.2070666666666665,25.881666666666664,0.0,2.447842222222222,0.7224444444444444
