,dreamteam,cocabo,gp_onehot,casmopolitan,gp_ts,kg,bocs,cucb,sts,gp_nei,purexp,gp_ucb,glm_fpl,cts,linucb,smac,bootnn,regevo,bocs_hs,bayesgap,sa,neurallinear,ols,combo_slice,combo,random
dreamteam,,0.5073333333333333,0.5238333333333334,0.5275,0.6063333333333333,0.6181666666666666,0.642,0.7163333333333334,0.6711666666666667,0.7128333333333333,0.7061666666666667,0.7456666666666667,0.735,0.7778333333333334,0.7903333333333333,0.7965,0.8208333333333333,0.7731666666666667,0.8398333333333333,0.8563333333333333,0.7995,0.8496666666666667,0.807,0.8946666666666667,0.915,0.9701666666666666
cocabo,0.49266666666666664,,0.5213333333333333,0.5283333333333333,0.6113333333333333,0.6358333333333334,0.6571666666666667,0.7123333333333334,0.6916666666666667,0.7171666666666666,0.7253333333333334,0.7526666666666667,0.7525,0.7785,0.811,0.8105,0.832,0.8008333333333333,0.8518333333333333,0.8613333333333333,0.8193333333333334,0.8631666666666666,0.8266666666666667,0.9046666666666666,0.9253333333333333,0.9706666666666667
gp_onehot,0.4761666666666667,0.4786666666666667,,0.507,0.5908333333333333,0.6371666666666667,0.66,0.6925,0.6913333333333334,0.7011666666666667,0.7185,0.7426666666666667,0.7541666666666667,0.7586666666666667,0.8158333333333333,0.81,0.8361666666666666,0.8015,0.849,0.8548333333333333,0.8261666666666667,0.8651666666666666,0.8301666666666667,0.9055,0.9225,0.969
casmopolitan,0.4725,0.4716666666666667,0.493,,0.5858333333333333,0.6311666666666667,0.6563333333333333,0.6903333333333334,0.6813333333333333,0.6956666666666667,0.7113333333333334,0.738,0.7488333333333334,0.7533333333333333,0.8108333333333333,0.8081666666666667,0.83,0.7971666666666667,0.8466666666666667,0.852,0.8225,0.8583333333333333,0.8321666666666667,0.909,0.9261666666666667,0.9716666666666667
gp_ts,0.39366666666666666,0.38866666666666666,0.4091666666666667,0.4141666666666667,,0.5526666666666666,0.5805,0.6158333333333333,0.6115,0.6183333333333333,0.6415,0.6536666666666666,0.6745,0.6833333333333333,0.738,0.7488333333333334,0.7645,0.7425,0.7786666666666666,0.7911666666666667,0.7696666666666667,0.7996666666666666,0.779,0.8645,0.8908333333333334,0.9576666666666667
kg,0.38183333333333336,0.3641666666666667,0.36283333333333334,0.36883333333333335,0.44733333333333336,,0.529,0.5568333333333333,0.5616666666666666,0.5513333333333333,0.59,0.5881666666666666,0.6226666666666667,0.6323333333333333,0.6925,0.7053333333333334,0.7113333333333334,0.7185,0.7321666666666666,0.7425,0.739,0.7621666666666667,0.763,0.853,0.8748333333333334,0.948
bocs,0.358,0.3428333333333333,0.34,0.3436666666666667,0.4195,0.471,,0.5265,0.5323333333333333,0.5266666666666666,0.557,0.5635,0.5923333333333334,0.5993333333333334,0.6673333333333333,0.6755,0.6833333333333333,0.688,0.6961666666666667,0.7093333333333334,0.7125,0.7325,0.7331666666666666,0.8145,0.8388333333333333,0.9401666666666667
cucb,0.2836666666666667,0.2876666666666667,0.3075,0.30966666666666665,0.38416666666666666,0.44316666666666665,0.4735,,0.505,0.4881666666666667,0.5216666666666666,0.521,0.5611666666666667,0.5851666666666666,0.6066666666666667,0.6376666666666667,0.634,0.6495,0.6516666666666666,0.6921666666666667,0.6806666666666666,0.6791666666666667,0.7008333333333333,0.8243333333333334,0.8481666666666666,0.9536666666666667
sts,0.3288333333333333,0.30833333333333335,0.30866666666666664,0.31866666666666665,0.3885,0.43833333333333335,0.4676666666666667,0.495,,0.4891666666666667,0.5291666666666667,0.531,0.5618333333333333,0.5756666666666667,0.6288333333333334,0.6446666666666667,0.6525,0.6588333333333334,0.6695,0.6816666666666666,0.6801666666666667,0.7056666666666667,0.7065,0.7895,0.8135,0.9358333333333333
gp_nei,0.2871666666666667,0.2828333333333333,0.29883333333333334,0.30433333333333334,0.38166666666666665,0.44866666666666666,0.47333333333333333,0.5118333333333334,0.5108333333333334,,0.536,0.54,0.573,0.5881666666666666,0.64,0.6556666666666666,0.664,0.6628333333333334,0.6811666666666667,0.7075,0.6895,0.7148333333333333,0.7065,0.8095,0.8435,0.9391666666666667
purexp,0.29383333333333334,0.27466666666666667,0.2815,0.2886666666666667,0.3585,0.41,0.443,0.47833333333333333,0.4708333333333333,0.464,,0.5011666666666666,0.5401666666666667,0.5538333333333333,0.6035,0.6305,0.6276666666666667,0.6333333333333333,0.642,0.6635,0.6585,0.6788333333333333,0.6868333333333333,0.7826666666666666,0.8151666666666667,0.9351666666666667
gp_ucb,0.25433333333333336,0.24733333333333332,0.25733333333333336,0.262,0.3463333333333333,0.41183333333333333,0.4365,0.479,0.469,0.46,0.49883333333333335,,0.5356666666666666,0.552,0.6013333333333334,0.6265,0.6316666666666667,0.6315,0.6455,0.6721666666666667,0.6615,0.681,0.6793333333333333,0.7918333333333333,0.8255,0.9336666666666666
glm_fpl,0.265,0.2475,0.24583333333333332,0.25116666666666665,0.3255,0.37733333333333335,0.4076666666666667,0.43883333333333335,0.43816666666666665,0.427,0.4598333333333333,0.4643333333333333,,0.5156666666666667,0.5665,0.5936666666666667,0.5935,0.6021666666666666,0.612,0.6335,0.629,0.6438333333333334,0.6506666666666666,0.7626666666666667,0.7961666666666667,0.9195
cts,0.22216666666666668,0.2215,0.24133333333333334,0.24666666666666667,0.31666666666666665,0.36766666666666664,0.40066666666666667,0.41483333333333333,0.42433333333333334,0.41183333333333333,0.44616666666666666,0.448,0.48433333333333334,,0.535,0.5658333333333333,0.5576666666666666,0.5708333333333333,0.5728333333333333,0.6111666666666666,0.6006666666666667,0.6063333333333333,0.6208333333333333,0.7553333333333333,0.7908333333333334,0.9343333333333333
linucb,0.20966666666666667,0.189,0.18416666666666667,0.18916666666666668,0.262,0.3075,0.33266666666666667,0.3933333333333333,0.37116666666666664,0.36,0.3965,0.39866666666666667,0.4335,0.465,,0.5306666666666666,0.5318333333333334,0.5345,0.5496666666666666,0.5823333333333334,0.5656666666666667,0.5848333333333333,0.5938333333333333,0.7221666666666666,0.7591666666666667,0.9115
smac,0.2035,0.1895,0.19,0.19183333333333333,0.25116666666666665,0.2946666666666667,0.3245,0.36233333333333334,0.35533333333333333,0.3443333333333333,0.3695,0.3735,0.4063333333333333,0.43416666666666665,0.4693333333333333,,0.492,0.5168333333333334,0.5063333333333333,0.5388333333333334,0.5353333333333333,0.5438333333333333,0.5695,0.688,0.722,0.8946666666666667
bootnn,0.17916666666666667,0.168,0.16383333333333333,0.17,0.2355,0.2886666666666667,0.31666666666666665,0.366,0.3475,0.336,0.37233333333333335,0.36833333333333335,0.4065,0.44233333333333336,0.4681666666666667,0.508,,0.5193333333333333,0.5156666666666667,0.554,0.5426666666666666,0.5556666666666666,0.5701666666666667,0.6955,0.7363333333333333,0.9025
regevo,0.22683333333333333,0.19916666666666666,0.1985,0.20283333333333334,0.2575,0.2815,0.312,0.3505,0.3411666666666667,0.33716666666666667,0.36666666666666664,0.3685,0.3978333333333333,0.42916666666666664,0.4655,0.4831666666666667,0.4806666666666667,,0.49816666666666665,0.5213333333333333,0.5248333333333334,0.5345,0.5536666666666666,0.6683333333333333,0.7038333333333333,0.8795
bocs_hs,0.16016666666666668,0.14816666666666667,0.151,0.15333333333333332,0.22133333333333333,0.2678333333333333,0.30383333333333334,0.34833333333333333,0.3305,0.31883333333333336,0.358,0.3545,0.388,0.42716666666666664,0.4503333333333333,0.49366666666666664,0.48433333333333334,0.5018333333333334,,0.5425,0.5308333333333334,0.5336666666666666,0.5588333333333333,0.6921666666666667,0.7328333333333333,0.8971666666666667
bayesgap,0.14366666666666666,0.13866666666666666,0.14516666666666667,0.148,0.20883333333333334,0.2575,0.2906666666666667,0.30783333333333335,0.31833333333333336,0.2925,0.3365,0.3278333333333333,0.3665,0.3888333333333333,0.4176666666666667,0.46116666666666667,0.446,0.4786666666666667,0.4575,,0.5065,0.49316666666666664,0.5243333333333333,0.6676666666666666,0.7091666666666666,0.894
sa,0.2005,0.18066666666666667,0.17383333333333334,0.1775,0.23033333333333333,0.261,0.2875,0.31933333333333336,0.31983333333333336,0.3105,0.3415,0.3385,0.371,0.3993333333333333,0.43433333333333335,0.4646666666666667,0.4573333333333333,0.4751666666666667,0.4691666666666667,0.4935,,0.5053333333333333,0.535,0.6456666666666667,0.6768333333333333,0.8688333333333333
neurallinear,0.15033333333333335,0.13683333333333333,0.13483333333333333,0.14166666666666666,0.20033333333333334,0.23783333333333334,0.2675,0.32083333333333336,0.29433333333333334,0.2851666666666667,0.32116666666666666,0.319,0.3561666666666667,0.39366666666666666,0.4151666666666667,0.45616666666666666,0.44433333333333336,0.4655,0.4663333333333333,0.5068333333333334,0.49466666666666664,,0.5253333333333333,0.6553333333333333,0.6988333333333333,0.8815
ols,0.193,0.17333333333333334,0.16983333333333334,0.16783333333333333,0.221,0.237,0.2668333333333333,0.2991666666666667,0.2935,0.2935,0.31316666666666665,0.32066666666666666,0.34933333333333333,0.37916666666666665,0.4061666666666667,0.4305,0.42983333333333335,0.44633333333333336,0.44116666666666665,0.4756666666666667,0.465,0.4746666666666667,,0.6403333333333333,0.6703333333333333,0.8701666666666666
combo_slice,0.10533333333333333,0.09533333333333334,0.0945,0.091,0.1355,0.147,0.1855,0.17566666666666667,0.2105,0.1905,0.21733333333333332,0.20816666666666667,0.23733333333333334,0.24466666666666667,0.2778333333333333,0.312,0.3045,0.33166666666666667,0.30783333333333335,0.3323333333333333,0.35433333333333333,0.3446666666666667,0.3596666666666667,,0.5483333333333333,0.8253333333333334
combo,0.085,0.07466666666666667,0.0775,0.07383333333333333,0.10916666666666666,0.12516666666666668,0.16116666666666668,0.15183333333333332,0.1865,0.1565,0.18483333333333332,0.1745,0.20383333333333334,0.20916666666666667,0.24083333333333334,0.278,0.26366666666666666,0.2961666666666667,0.26716666666666666,0.29083333333333333,0.32316666666666666,0.3011666666666667,0.32966666666666666,0.45166666666666666,,0.8023333333333333
random,0.029833333333333333,0.029333333333333333,0.031,0.028333333333333332,0.042333333333333334,0.052,0.059833333333333336,0.04633333333333333,0.06416666666666666,0.060833333333333336,0.06483333333333334,0.06633333333333333,0.0805,0.06566666666666666,0.0885,0.10533333333333333,0.0975,0.1205,0.10283333333333333,0.106,0.13116666666666665,0.1185,0.12983333333333333,0.17466666666666666,0.19766666666666666,
