,dreamteam,cocabo,gp_onehot,casmopolitan,gp_ts,gp_nei,purexp,gp_ucb,kg,bocs,sts,linucb,cucb,glm_fpl,bootnn,bayesgap,neurallinear,cts,bocs_hs,regevo,smac,sa,ols,combo_slice,combo,random
dreamteam,,0.5335,0.5966666666666667,0.6148333333333333,0.6163333333333333,0.6856666666666666,0.6836666666666666,0.7003333333333334,0.7045,0.7136666666666667,0.712,0.7305,0.7765,0.763,0.7658333333333334,0.7928333333333333,0.7803333333333333,0.7856666666666666,0.7871666666666667,0.8348333333333333,0.8451666666666666,0.8596666666666667,0.842,0.8928333333333334,0.9045,0.9913333333333333
cocabo,0.4665,,0.569,0.5885,0.5955,0.6718333333333333,0.6656666666666666,0.6861666666666667,0.6873333333333334,0.6981666666666667,0.6981666666666667,0.7151666666666666,0.7538333333333334,0.7495,0.7556666666666667,0.7786666666666666,0.7686666666666667,0.7695,0.7735,0.826,0.8318333333333333,0.8495,0.8386666666666667,0.8841666666666667,0.8956666666666667,0.9885
gp_onehot,0.4033333333333333,0.431,,0.5228333333333334,0.5246666666666666,0.613,0.6053333333333333,0.6243333333333333,0.6308333333333334,0.6468333333333334,0.6463333333333333,0.6686666666666666,0.6928333333333333,0.7005,0.7101666666666666,0.7328333333333333,0.7228333333333333,0.7216666666666667,0.7398333333333333,0.7918333333333333,0.7981666666666667,0.8196666666666667,0.8155,0.8658333333333333,0.8736666666666667,0.9831666666666666
casmopolitan,0.38516666666666666,0.4115,0.4771666666666667,,0.5081666666666667,0.5956666666666667,0.5863333333333334,0.6073333333333333,0.6181666666666666,0.6331666666666667,0.6325,0.6493333333333333,0.678,0.6826666666666666,0.6946666666666667,0.7193333333333334,0.709,0.7111666666666666,0.7225,0.7786666666666666,0.7838333333333334,0.812,0.8066666666666666,0.8563333333333333,0.8646666666666667,0.9793333333333333
gp_ts,0.38366666666666666,0.4045,0.47533333333333333,0.49183333333333334,,0.5851666666666666,0.5781666666666667,0.5971666666666666,0.6095,0.6218333333333333,0.6226666666666667,0.6438333333333334,0.6685,0.6768333333333333,0.683,0.712,0.7015,0.7005,0.7181666666666666,0.7771666666666667,0.7796666666666666,0.8048333333333333,0.8048333333333333,0.852,0.8626666666666667,0.9791666666666666
gp_nei,0.31433333333333335,0.32816666666666666,0.387,0.4043333333333333,0.41483333333333333,,0.49833333333333335,0.5116666666666667,0.5246666666666666,0.5456666666666666,0.5431666666666667,0.565,0.5916666666666667,0.6035,0.611,0.64,0.6341666666666667,0.6361666666666667,0.65,0.7163333333333334,0.717,0.7523333333333333,0.758,0.8235,0.8305,0.9715
purexp,0.31633333333333336,0.3343333333333333,0.39466666666666667,0.4136666666666667,0.42183333333333334,0.5016666666666667,,0.5153333333333333,0.5255,0.543,0.547,0.5625,0.5926666666666667,0.6018333333333333,0.6098333333333333,0.6383333333333333,0.6293333333333333,0.6308333333333334,0.645,0.7086666666666667,0.7093333333333334,0.7405,0.7435,0.8,0.8073333333333333,0.965
gp_ucb,0.2996666666666667,0.31383333333333335,0.37566666666666665,0.39266666666666666,0.4028333333333333,0.48833333333333334,0.4846666666666667,,0.5146666666666667,0.5311666666666667,0.5371666666666667,0.5541666666666667,0.5791666666666667,0.593,0.5976666666666667,0.6303333333333333,0.6205,0.6243333333333333,0.6421666666666667,0.7025,0.7036666666666667,0.74,0.742,0.8146666666666667,0.819,0.9668333333333333
kg,0.2955,0.31266666666666665,0.36916666666666664,0.38183333333333336,0.3905,0.47533333333333333,0.4745,0.48533333333333334,,0.524,0.5255,0.5431666666666667,0.5675,0.5806666666666667,0.5841666666666666,0.6146666666666667,0.6116666666666667,0.616,0.6298333333333334,0.6965,0.6968333333333333,0.7313333333333333,0.7376666666666667,0.7993333333333333,0.802,0.9615
bocs,0.28633333333333333,0.30183333333333334,0.3531666666666667,0.36683333333333334,0.37816666666666665,0.4543333333333333,0.457,0.4688333333333333,0.476,,0.502,0.5218333333333334,0.55,0.5568333333333333,0.5651666666666667,0.5908333333333333,0.5861666666666666,0.5953333333333334,0.6076666666666667,0.676,0.6743333333333333,0.7085,0.7171666666666666,0.7818333333333334,0.7855,0.9575
sts,0.288,0.30183333333333334,0.3536666666666667,0.3675,0.37733333333333335,0.4568333333333333,0.453,0.4628333333333333,0.4745,0.498,,0.5186666666666667,0.5498333333333333,0.555,0.5633333333333334,0.5925,0.5873333333333334,0.5928333333333333,0.6058333333333333,0.669,0.6706666666666666,0.708,0.7175,0.7741666666666667,0.782,0.9553333333333334
linucb,0.2695,0.2848333333333333,0.3313333333333333,0.3506666666666667,0.3561666666666667,0.435,0.4375,0.44583333333333336,0.4568333333333333,0.4781666666666667,0.48133333333333334,,0.5283333333333333,0.5375,0.5403333333333333,0.5745,0.5636666666666666,0.5731666666666667,0.5943333333333334,0.6588333333333334,0.6546666666666666,0.6885,0.7015,0.7688333333333334,0.7708333333333334,0.9516666666666667
cucb,0.2235,0.24616666666666667,0.30716666666666664,0.322,0.3315,0.4083333333333333,0.4073333333333333,0.42083333333333334,0.4325,0.45,0.45016666666666666,0.4716666666666667,,0.49733333333333335,0.506,0.5366666666666666,0.5313333333333333,0.5696666666666667,0.5565,0.6123333333333333,0.6178333333333333,0.662,0.6736666666666666,0.7755,0.7755,0.962
glm_fpl,0.237,0.2505,0.2995,0.31733333333333336,0.32316666666666666,0.3965,0.39816666666666667,0.407,0.41933333333333334,0.44316666666666665,0.445,0.4625,0.5026666666666667,,0.5086666666666667,0.5431666666666667,0.529,0.5573333333333333,0.5631666666666667,0.6181666666666666,0.6253333333333333,0.6621666666666667,0.6723333333333333,0.7571666666666667,0.7591666666666667,0.9501666666666667
bootnn,0.23416666666666666,0.24433333333333335,0.28983333333333333,0.30533333333333335,0.317,0.389,0.39016666666666666,0.4023333333333333,0.41583333333333333,0.43483333333333335,0.43666666666666665,0.45966666666666667,0.494,0.49133333333333334,,0.535,0.5238333333333334,0.5468333333333333,0.5516666666666666,0.6145,0.6178333333333333,0.656,0.6693333333333333,0.7425,0.7475,0.9451666666666667
bayesgap,0.20716666666666667,0.22133333333333333,0.26716666666666666,0.2806666666666667,0.288,0.36,0.3616666666666667,0.36966666666666664,0.38533333333333336,0.4091666666666667,0.4075,0.4255,0.4633333333333333,0.4568333333333333,0.465,,0.49133333333333334,0.527,0.5203333333333333,0.5791666666666667,0.5918333333333333,0.6315,0.6441666666666667,0.7511666666666666,0.7501666666666666,0.9495
neurallinear,0.21966666666666668,0.23133333333333334,0.2771666666666667,0.291,0.2985,0.36583333333333334,0.37066666666666664,0.3795,0.3883333333333333,0.41383333333333333,0.4126666666666667,0.43633333333333335,0.4686666666666667,0.471,0.4761666666666667,0.5086666666666667,,0.5226666666666666,0.5238333333333334,0.5866666666666667,0.5958333333333333,0.6353333333333333,0.6456666666666667,0.723,0.7293333333333333,0.9441666666666667
cts,0.21433333333333332,0.2305,0.2783333333333333,0.28883333333333333,0.2995,0.36383333333333334,0.36916666666666664,0.37566666666666665,0.384,0.4046666666666667,0.4071666666666667,0.42683333333333334,0.43033333333333335,0.44266666666666665,0.45316666666666666,0.473,0.47733333333333333,,0.49833333333333335,0.549,0.5575,0.5916666666666667,0.608,0.7145,0.7083333333333334,0.9471666666666667
bocs_hs,0.21283333333333335,0.2265,0.26016666666666666,0.2775,0.2818333333333333,0.35,0.355,0.35783333333333334,0.37016666666666664,0.3923333333333333,0.39416666666666667,0.4056666666666667,0.4435,0.43683333333333335,0.4483333333333333,0.4796666666666667,0.4761666666666667,0.5016666666666667,,0.5503333333333333,0.5626666666666666,0.5998333333333333,0.6123333333333333,0.7086666666666667,0.707,0.9328333333333333
regevo,0.16516666666666666,0.174,0.20816666666666667,0.22133333333333333,0.22283333333333333,0.2836666666666667,0.29133333333333333,0.2975,0.3035,0.324,0.331,0.3411666666666667,0.38766666666666666,0.38183333333333336,0.3855,0.42083333333333334,0.41333333333333333,0.451,0.44966666666666666,,0.5126666666666667,0.5503333333333333,0.5706666666666667,0.6771666666666667,0.678,0.925
smac,0.15483333333333332,0.16816666666666666,0.20183333333333334,0.21616666666666667,0.22033333333333333,0.283,0.2906666666666667,0.29633333333333334,0.30316666666666664,0.32566666666666666,0.3293333333333333,0.3453333333333333,0.38216666666666665,0.37466666666666665,0.38216666666666665,0.4081666666666667,0.4041666666666667,0.4425,0.43733333333333335,0.48733333333333334,,0.5425,0.5576666666666666,0.6771666666666667,0.6708333333333333,0.9338333333333333
sa,0.14033333333333334,0.1505,0.18033333333333335,0.188,0.19516666666666665,0.24766666666666667,0.2595,0.26,0.26866666666666666,0.2915,0.292,0.3115,0.338,0.3378333333333333,0.344,0.3685,0.36466666666666664,0.4083333333333333,0.40016666666666667,0.44966666666666666,0.4575,,0.5245,0.647,0.6473333333333333,0.9238333333333333
ols,0.158,0.16133333333333333,0.1845,0.19333333333333333,0.19516666666666665,0.242,0.2565,0.258,0.2623333333333333,0.2828333333333333,0.2825,0.2985,0.3263333333333333,0.32766666666666666,0.33066666666666666,0.35583333333333333,0.35433333333333333,0.392,0.38766666666666666,0.42933333333333334,0.44233333333333336,0.4755,,0.6181666666666666,0.6143333333333333,0.8988333333333334
combo_slice,0.10716666666666666,0.11583333333333333,0.13416666666666666,0.14366666666666666,0.148,0.1765,0.2,0.18533333333333332,0.20066666666666666,0.21816666666666668,0.22583333333333333,0.23116666666666666,0.2245,0.24283333333333335,0.2575,0.24883333333333332,0.277,0.2855,0.29133333333333333,0.32283333333333336,0.32283333333333336,0.353,0.38183333333333336,,0.48633333333333334,0.8676666666666667
combo,0.0955,0.10433333333333333,0.12633333333333333,0.13533333333333333,0.13733333333333334,0.1695,0.19266666666666668,0.181,0.198,0.2145,0.218,0.22916666666666666,0.2245,0.24083333333333334,0.2525,0.24983333333333332,0.27066666666666667,0.2916666666666667,0.293,0.322,0.32916666666666666,0.3526666666666667,0.38566666666666666,0.5136666666666667,,0.874
random,0.008666666666666666,0.0115,0.016833333333333332,0.020666666666666667,0.020833333333333332,0.0285,0.035,0.033166666666666664,0.0385,0.0425,0.04466666666666667,0.04833333333333333,0.038,0.049833333333333334,0.05483333333333333,0.0505,0.05583333333333333,0.052833333333333336,0.06716666666666667,0.075,0.06616666666666667,0.07616666666666666,0.10116666666666667,0.13233333333333333,0.126,
