condition,rounds_to_90pct_of_final,final
dreamteam,38.0,0.9484814814814815
cocabo,28.0,0.9316296296296296
gp_onehot,40.0,0.9042407407407407
casmopolitan,37.0,0.8962592592592593
gp_ts,40.0,0.8928518518518519
gp_nei,30.0,0.8551851851851853
purexp,22.0,0.8532407407407407
gp_ucb,30.0,0.8470370370370371
kg,20.0,0.8420740740740741
bocs,21.0,0.8322962962962962
sts,20.0,0.8300185185185186
linucb,16.0,0.8199444444444445
cucb,28.0,0.812425925925926
glm_fpl,30.0,0.8052407407407407
bootnn,41.0,0.7979629629629629
bayesgap,18.0,0.7914629629629629
neurallinear,25.0,0.7875555555555555
cts,52.0,0.7790185185185186
bocs_hs,53.0,0.7748518518518519
regevo,30.0,0.7465185185185186
smac,35.0,0.7442222222222221
sa,35.0,0.7404074074074074
ols,42.0,0.7152037037037037
combo,11.0,0.6505555555555556
combo_slice,11.0,0.6490555555555556
random,1.0,0.32416666666666666
