algorithm,switch_limit,condition,phase,noise_level,total_rounds,n_runs,first_round,final_round,final_perf_mean,final_perf_std,final_perf_sem,final_perf_median,simple_regret_mean,pct_exact_optimal,pct_zero_correct,auc_mean,auc_std,perf_at_25pct_rounds,perf_at_50pct_rounds,rounds_to_50pct,rounds_to_75pct,rounds_to_90pct,rounds_to_95pct,final_perf_nb3,final_perf_nb6,final_perf_nb9
dreamteam,none,dreamteam,all,-1.0,100,3000,1,100,0.9484814814814815,0.09982179146086177,0.001822488230456352,1.0,0.05151851851851852,74.43333333333332,0.0,0.840045925925926,0.1189153344914977,0.7903518518518519,0.8885555555555555,4.0,19.0,57.0,,0.9937169312169313,0.9526051475204018,0.8947431302270011
cocabo,none,cocabo,all,-1.0,100,3000,1,100,0.9316296296296296,0.11667896582671244,0.0021302567189888273,1.0,0.06837037037037041,69.46666666666667,0.0,0.8383233333333334,0.12713124964183975,0.8302407407407407,0.8867962962962962,5.0,16.0,61.0,,0.9910714285714286,0.9293785310734464,0.8697729988052569
gp_onehot,none,gp_onehot,all,-1.0,100,3000,1,100,0.9042407407407407,0.14053219846728796,0.0025657551718775515,1.0,0.09575925925925932,62.43333333333333,0.0,0.7957740740740741,0.14590532338254025,0.7628148148148148,0.8425925925925926,5.0,23.0,97.0,,0.9791666666666666,0.8972065285624607,0.8310633213859021
casmopolitan,none,casmopolitan,all,-1.0,100,3000,1,100,0.8962592592592593,0.14760871032641346,0.0026949540110007466,1.0,0.10374074074074069,60.4,0.0,0.7944464814814814,0.1479336765831163,0.7636851851851852,0.843,5.0,23.0,,,0.9758597883597884,0.8904582548650346,0.8166069295101555
gp_ts,none,gp_ts,all,-1.0,100,3000,1,100,0.8928518518518519,0.14982846159518212,0.0027354809390659237,1.0,0.1071481481481481,59.03333333333334,0.0,0.7830718518518518,0.14992668378776725,0.7437962962962962,0.8340370370370371,5.0,28.0,,,0.9639550264550264,0.8945386064030132,0.8138590203106333
gp_nei,none,gp_nei,all,-1.0,100,3000,1,100,0.8551851851851853,0.16579640982423305,0.0030270144538034525,0.8888888888888888,0.14481481481481473,49.56666666666666,0.0,0.7699738888888888,0.16143055948541868,0.7495925925925926,0.8170925925925926,5.0,26.0,,,0.9371693121693121,0.8443188951663527,0.7787335722819593
purexp,none,purexp,all,-1.0,100,3000,1,100,0.8532407407407407,0.17360127730784936,0.0031695111864406267,1.0,0.14675925925925926,50.6,0.0,0.7890762962962963,0.1485212176468422,0.7843703703703704,0.8406666666666667,5.0,20.0,,,0.933531746031746,0.8303515379786566,0.7923536439665472
gp_ucb,none,gp_ucb,all,-1.0,100,3000,1,100,0.8470370370370371,0.17003641064354366,0.0031044259235560125,0.8888888888888888,0.15296296296296286,48.0,0.0,0.763533148148148,0.16184187768133046,0.742574074074074,0.8126481481481481,5.0,28.0,,,0.9249338624338623,0.835216572504708,0.77610513739546
kg,none,kg,all,-1.0,100,3000,1,100,0.8420740740740741,0.17947160305002569,0.003276688180737068,0.8888888888888888,0.15792592592592591,49.333333333333336,0.0,0.7782264814814813,0.1635974098986291,0.7803333333333333,0.8196851851851852,5.0,18.0,,,0.9308862433862433,0.8301946013810422,0.7593787335722819
bocs,none,bocs,all,-1.0,100,3000,1,100,0.8322962962962964,0.18768233235005524,0.0034265949024435607,0.8888888888888888,0.16770370370370358,48.1,0.0,0.769667962962963,0.15675608237173588,0.7731666666666667,0.810574074074074,5.0,21.0,,,0.9325396825396826,0.8119899560577527,0.7468339307048986
sts,none,sts,all,-1.0,100,3000,1,100,0.8300185185185186,0.190424229544596,0.0034766548672372313,0.8888888888888888,0.1699814814814814,47.833333333333336,0.0,0.7686362962962963,0.15818282856263008,0.776074074074074,0.8105925925925926,5.0,21.0,,,0.9302248677248676,0.8134023854362836,0.7403823178016727
linucb,none,linucb,all,-1.0,100,3000,1,100,0.8199444444444445,0.19029565968946718,0.0034743075135749237,0.8333333333333334,0.18005555555555552,45.166666666666664,0.0,0.7635818518518519,0.16770049718785407,0.7677592592592593,0.8012222222222222,5.0,18.0,,,0.9054232804232804,0.8096359070935343,0.739068100358423
cucb,none,cucb,all,-1.0,100,3000,1,100,0.812425925925926,0.15423989788638723,0.0028160223779889223,0.8333333333333334,0.187574074074074,31.533333333333335,0.0,0.7463996296296296,0.14206865386189602,0.7250925925925926,0.7782037037037037,4.0,35.0,,,0.9107142857142856,0.8052416823603264,0.7140979689366785
glm_fpl,none,glm_fpl,all,-1.0,100,3000,1,100,0.8052407407407409,0.18646916742728623,0.0034044456426377406,0.8333333333333334,0.19475925925925908,37.8,0.0,0.7306727777777778,0.15909714919161363,0.7069629629629629,0.7669814814814815,5.0,40.0,,,0.8951719576719576,0.7901757689893283,0.7249701314217444
bootnn,none,bootnn,all,-1.0,100,3000,1,100,0.7979629629629629,0.1890618702738432,0.0034517817037699777,0.8333333333333334,0.20203703703703713,37.36666666666667,0.0,0.70877,0.157682843629075,0.6602407407407407,0.7450185185185185,5.0,51.0,,,0.8839285714285713,0.7815442561205274,0.723536439665472
bayesgap,none,bayesgap,all,-1.0,100,3000,1,100,0.7914629629629629,0.17960694244996336,0.0032791591288125707,0.8333333333333334,0.20853703703703708,32.53333333333333,0.0,0.7343740740740741,0.1664711064987842,0.7358703703703703,0.7663888888888888,5.0,34.0,,,0.9054232804232802,0.7691462649089768,0.6934289127837515
neurallinear,none,neurallinear,all,-1.0,100,3000,1,100,0.7875555555555557,0.19380647125325556,0.0035384058698628195,0.8333333333333334,0.21244444444444432,35.8,0.0,0.7190577777777777,0.16491467070998286,0.7090370370370369,0.7576111111111111,5.0,44.0,,,0.8759920634920635,0.7740112994350282,0.7071684587813621
cts,none,cts,all,-1.0,100,3000,1,100,0.7790185185185186,0.18937063487633518,0.0034574189483614435,0.7777777777777778,0.22098148148148145,32.63333333333333,0.0,0.6690033333333334,0.16359313612067763,0.6117777777777778,0.6977777777777778,9.0,80.0,,,0.9279100529100528,0.7591023226616447,0.6403823178016727
bocs_hs,none,bocs_hs,all,-1.0,100,3000,1,100,0.7748518518518519,0.2102614545931063,0.0038388313884830847,0.8333333333333334,0.2251481481481481,35.46666666666667,0.06666666666666667,0.6616099999999999,0.19084154470241282,0.5875185185185184,0.689425925925926,5.0,81.0,,,0.8978174603174603,0.7733835530445701,0.6432497013142174
regevo,none,regevo,all,-1.0,100,3000,1,100,0.7465185185185186,0.195406588349269,0.0035676198774673602,0.6666666666666666,0.2534814814814814,27.666666666666668,0.0,0.6820546296296297,0.1570777060675511,0.6556296296296297,0.7137777777777778,5.0,,,,0.8445767195767195,0.723791588198368,0.6661887694145758
smac,none,smac,all,-1.0,100,3000,1,100,0.7442222222222221,0.18564956286420076,0.003389481779056538,0.6666666666666666,0.2557777777777779,25.033333333333335,0.0,0.6724868518518518,0.14640909542841934,0.6473518518518518,0.6999074074074074,5.0,,,,0.8505291005291005,0.7219083490269932,0.6544802867383512
sa,none,sa,all,-1.0,100,3000,1,100,0.7404074074074074,0.19971039000748347,0.0036461961858417673,0.6666666666666666,0.2595925925925926,28.1,0.0,0.6661872222222222,0.1672564166927193,0.6377777777777778,0.6974814814814815,8.0,,,,0.837632275132275,0.7250470809792844,0.652568697729988
ols,none,ols,all,-1.0,100,3000,1,100,0.7152037037037038,0.21598238036032635,0.003943280724900383,0.6666666666666666,0.2847962962962962,27.900000000000002,0.0,0.6307737037037037,0.19745009470748323,0.5922037037037037,0.6618148148148147,11.0,,,,0.8439153439153437,0.7120213433772755,0.579330943847073
combo,none,combo,all,-1.0,100,3000,1,100,0.6505555555555557,0.19945034774858425,0.0036414484854716436,0.6666666666666666,0.34944444444444434,15.6,0.0,0.6276444444444444,0.18506508704899657,0.6333703703703704,0.6462037037037037,5.0,,,,0.7840608465608465,0.6192718141870684,0.5415770609318996
combo_slice,none,combo_slice,all,-1.0,100,3000,1,100,0.6490555555555555,0.20818037559828967,0.003800836258169376,0.6666666666666666,0.3509444444444445,18.0,0.0,0.6166353703703704,0.18950340802678983,0.6139814814814815,0.6283888888888889,5.0,,,,0.8151455026455026,0.6084431889516635,0.5154121863799282
random,none,random,all,-1.0,100,3000,1,100,0.32416666666666666,0.21026058905959588,0.0038388155860754865,0.3333333333333333,0.6758333333333333,1.3333333333333335,13.933333333333334,0.31963277777777777,0.05556855303203385,0.3207037037037037,0.32416666666666666,,,,,0.3392857142857143,0.3162272441933459,0.31684587813620074
bocs,none,bocs,all,0.0,100,500,1,100,1.0,0.0,0.0,1.0,0.0,100.0,0.0,0.93642,0.029186368021389988,0.975,1.0,4.0,11.0,17.0,22.0,1.0,1.0,1.0
casmopolitan,none,casmopolitan,all,0.0,100,500,1,100,1.0,0.0,0.0,1.0,0.0,100.0,0.0,0.9383633333333334,0.030814780065364016,0.9866666666666666,1.0,4.0,11.0,17.0,22.0,1.0,1.0,1.0
cocabo,none,cocabo,all,0.0,100,500,1,100,1.0,0.0,0.0,1.0,0.0,100.0,0.0,0.9478233333333332,0.01955290926989882,1.0,1.0,4.0,11.0,12.0,15.0,1.0,1.0,1.0
gp_nei,none,gp_nei,all,0.0,100,500,1,100,1.0,0.0,0.0,1.0,0.0,100.0,0.0,0.9375166666666667,0.03180046843478509,0.9826666666666666,1.0,4.0,11.0,17.0,22.0,1.0,1.0,1.0
gp_onehot,none,gp_onehot,all,0.0,100,500,1,100,1.0,0.0,0.0,1.0,0.0,100.0,0.0,0.9382622222222222,0.030987641562202982,0.9862222222222222,1.0,4.0,11.0,17.0,22.0,1.0,1.0,1.0
gp_ts,none,gp_ts,all,0.0,100,500,1,100,1.0,0.0,0.0,1.0,0.0,100.0,0.0,0.9294733333333334,0.03285631221367276,0.9746666666666667,1.0,4.0,14.0,20.0,22.0,1.0,1.0,1.0
kg,none,kg,all,0.0,100,500,1,100,1.0,0.0,0.0,1.0,0.0,100.0,0.0,0.9479288888888889,0.019310798272189594,1.0,1.0,4.0,11.0,13.0,14.0,1.0,1.0,1.0
purexp,none,purexp,all,0.0,100,500,1,100,1.0,0.0,0.0,1.0,0.0,100.0,0.0,0.9310255555555554,0.035291261420996596,0.9516666666666667,0.9982222222222221,4.0,11.0,19.0,25.0,1.0,1.0,1.0
sts,none,sts,all,0.0,100,500,1,100,1.0,0.0,0.0,1.0,0.0,100.0,0.0,0.93622,0.029076272452522058,0.974111111111111,1.0,4.0,11.0,17.0,22.0,1.0,1.0,1.0
dreamteam,none,dreamteam,all,0.0,100,500,1,100,0.9966666666666666,0.019927129177350112,0.0008911683087394863,1.0,0.0033333333333334103,97.2,0.0,0.9177055555555556,0.057498041137542186,0.8932222222222221,0.973111111111111,3.0,11.0,27.0,39.0,1.0,0.9981167608286253,0.9913978494623658
linucb,none,linucb,all,0.0,100,500,1,100,0.9883333333333333,0.059944121534343635,0.002680782612046027,1.0,0.011666666666666714,96.2,0.0,0.9389811111111109,0.058731778622680725,0.9883333333333334,0.9883333333333334,4.0,11.0,12.0,14.0,0.9682539682539681,0.9971751412429378,1.0
gp_ucb,none,gp_ucb,all,0.0,100,500,1,100,0.9864444444444443,0.04887664063894373,0.0021858298196101387,1.0,0.013555555555555654,91.8,0.0,0.9196855555555555,0.06315868338337643,0.9524444444444444,0.9852222222222222,4.0,11.0,21.0,24.0,0.9940476190476191,0.9792843691148776,0.9863799283154122
sa,none,sa,all,0.0,100,500,1,100,0.9737777777777779,0.061354447619208156,0.002743854311969991,1.0,0.026222222222222147,82.19999999999999,0.0,0.8308655555555556,0.11257939713747891,0.7697777777777778,0.8764444444444445,5.0,23.0,60.0,79.0,1.0,0.9849340866290017,0.9326164874551971
bootnn,none,bootnn,all,0.0,100,500,1,100,0.9651111111111113,0.07852048609083505,0.0035115428905086775,1.0,0.03488888888888875,80.2,0.0,0.8494911111111111,0.09818369088495843,0.7737777777777778,0.9106666666666666,4.0,21.0,41.0,71.0,0.9742063492063493,0.96045197740113,0.9605734767025089
neurallinear,none,neurallinear,all,0.0,100,500,1,100,0.9613333333333333,0.09041880887592078,0.004043652061822404,1.0,0.03866666666666674,79.80000000000001,0.0,0.8718966666666668,0.0981692158809649,0.8608888888888889,0.9261111111111111,4.0,17.0,31.0,71.0,0.9583333333333334,0.9698681732580037,0.9548387096774194
regevo,none,regevo,all,0.0,100,500,1,100,0.958,0.07166002516957062,0.003204733750970116,1.0,0.04200000000000004,71.6,0.0,0.8354122222222222,0.10080021903350854,0.7696666666666666,0.8865555555555555,4.0,23.0,56.0,91.0,1.0,0.9623352165725046,0.9075268817204301
glm_fpl,none,glm_fpl,all,0.0,100,500,1,100,0.9545555555555555,0.0841343525399707,0.0037626026304461314,1.0,0.04544444444444451,73.2,0.0,0.8762911111111111,0.08699327091387307,0.8604444444444445,0.9321111111111111,4.0,11.0,33.0,83.0,0.9682539682539684,0.9519774011299436,0.9426523297491037
ols,none,ols,all,0.0,100,500,1,100,0.9355555555555556,0.127717013811445,0.0057116784953134105,1.0,0.06444444444444442,74.8,0.0,0.7789811111111112,0.1849602068031006,0.7012222222222222,0.8202222222222222,7.0,34.0,78.0,,1.0,0.9981167608286253,0.7942652329749105
bocs_hs,none,bocs_hs,all,0.0,100,500,1,100,0.9327777777777778,0.11683513618017755,0.005225026133186442,1.0,0.06722222222222218,68.2,0.0,0.7854155555555555,0.15547945272351532,0.6773333333333333,0.8341111111111111,4.0,35.0,74.0,,0.9880952380952381,0.9613935969868175,0.8401433691756273
smac,none,smac,all,0.0,100,500,1,100,0.9101111111111111,0.1117228207158028,0.004996396435171135,1.0,0.08988888888888891,55.00000000000001,0.0,0.7945522222222222,0.11351434134782343,0.736,0.8351111111111111,4.0,30.0,87.0,,0.9861111111111113,0.9143126177024484,0.8229390681003583
bayesgap,none,bayesgap,all,0.0,100,500,1,100,0.8945555555555557,0.12284405890028086,0.005493753326660321,0.8888888888888888,0.10544444444444434,49.6,0.0,0.8522811111111112,0.11926150044651998,0.8926666666666666,0.8943333333333334,4.0,12.0,,,0.9722222222222221,0.8804143126177023,0.8265232974910393
cucb,none,cucb,all,0.0,100,500,1,100,0.8384444444444444,0.13525685192432502,0.006048870306508279,0.8333333333333334,0.16155555555555556,32.800000000000004,0.0,0.7964944444444444,0.1305249469039129,0.8006666666666666,0.8273333333333334,3.0,14.0,,,0.9126984126984126,0.8342749529190207,0.7627240143369175
cts,none,cts,all,0.0,100,500,1,100,0.8289999999999998,0.17840636339690127,0.00797857512348003,0.8333333333333334,0.17100000000000015,42.4,0.0,0.7127233333333334,0.17333128185001723,0.647,0.75,7.0,50.0,,,0.990079365079365,0.803201506591337,0.6838709677419353
combo,none,combo,all,0.0,100,500,1,100,0.757,0.18445927270288784,0.008249269456876571,0.6666666666666666,0.243,28.599999999999998,0.0,0.72474,0.17231044509146046,0.7315555555555555,0.7538888888888889,4.0,41.0,,,0.9285714285714286,0.7090395480225988,0.6258064516129033
combo_slice,none,combo_slice,all,0.0,100,500,1,100,0.7433333333333333,0.20280633364389858,0.009069774965905197,0.6666666666666666,0.2566666666666667,30.8,0.0,0.6936522222222222,0.18377447088911114,0.6825555555555556,0.7068888888888889,4.0,,,,0.9484126984126983,0.7062146892655368,0.5634408602150537
random,none,random,all,0.0,100,500,1,100,0.32755555555555554,0.21348603790231244,0.009547385859933344,0.3333333333333333,0.6724444444444444,1.6,13.600000000000001,0.31752444444444444,0.05643045252513306,0.32166666666666666,0.3291111111111111,,,,,0.36111111111111105,0.3032015065913371,0.31899641577060933
cocabo,none,cocabo,all,0.2,100,500,1,100,0.9991111111111111,0.009908160876059044,0.00044310642501743777,1.0,0.000888888888888939,99.2,0.0,0.9278066666666667,0.036485526603031664,0.9508888888888889,0.9897777777777779,4.0,11.0,20.0,25.0,1.0,1.0,0.9971326164874551
gp_onehot,none,gp_onehot,all,0.2,100,500,1,100,0.996,0.021881150105827047,0.00097855478125012,1.0,0.0040000000000000036,96.6,0.0,0.9054677777777778,0.05603233687059634,0.900888888888889,0.975,4.0,13.0,25.0,37.0,1.0,1.0,0.9870967741935484
dreamteam,none,dreamteam,all,0.2,100,500,1,100,0.9945555555555556,0.026808749000731838,0.001198923703147319,1.0,0.005444444444444363,95.8,0.0,0.9013055555555555,0.06954344646398904,0.8724444444444445,0.9572222222222222,3.0,13.0,30.0,47.0,1.0,0.995291902071563,0.9878136200716846
casmopolitan,none,casmopolitan,all,0.2,100,500,1,100,0.9931111111111111,0.02860729794531818,0.0012793572571664304,1.0,0.006888888888888944,94.19999999999999,0.0,0.9043844444444444,0.057833878652380113,0.901,0.9715555555555555,4.0,13.0,25.0,39.0,1.0,1.0,0.9777777777777779
gp_ts,none,gp_ts,all,0.2,100,500,1,100,0.9878888888888889,0.03665600406358821,0.0016393063373938352,1.0,0.012111111111111073,89.8,0.0,0.8851366666666667,0.07079463096257019,0.8495555555555555,0.9533333333333334,4.0,20.0,31.0,48.0,1.0,0.9952919020715632,0.9663082437275987
purexp,none,purexp,all,0.2,100,500,1,100,0.9778888888888889,0.05492843554567243,0.002456474315556786,1.0,0.02211111111111108,84.2,0.0,0.8981466666666668,0.06449157875202773,0.8915555555555555,0.963,4.0,13.0,27.0,39.0,1.0,0.980225988700565,0.9512544802867384
kg,none,kg,all,0.2,100,500,1,100,0.975,0.058312255631489535,0.0026078033502671106,1.0,0.025000000000000022,82.8,0.0,0.8997744444444445,0.07534444923207588,0.903888888888889,0.954,4.0,11.0,24.0,46.0,1.0,0.9896421845574389,0.9311827956989248
gp_ucb,none,gp_ucb,all,0.2,100,500,1,100,0.9732222222222222,0.06045210552389962,0.0027035003466886016,1.0,0.02677777777777779,81.6,0.0,0.8820355555555555,0.0817335552377805,0.8696666666666666,0.9514444444444444,4.0,17.0,31.0,50.0,0.9980158730158729,0.9821092278719398,0.936200716845878
bocs,none,bocs,all,0.2,100,500,1,100,0.9694444444444444,0.06644316055622479,0.002971428472873027,1.0,0.030555555555555558,79.80000000000001,0.0,0.8902311111111111,0.0711255198606463,0.9032222222222221,0.9482222222222222,4.0,13.0,25.0,55.0,1.0,0.9915254237288136,0.9111111111111112
sts,none,sts,all,0.2,100,500,1,100,0.9674444444444446,0.07031252139051442,0.0031444715499719653,1.0,0.03255555555555545,79.4,0.0,0.8862955555555555,0.0758139601596268,0.8971111111111111,0.9415555555555556,4.0,13.0,26.0,63.0,1.0,0.9877589453860641,0.9089605734767024
gp_nei,none,gp_nei,all,0.2,100,500,1,100,0.9671111111111113,0.06517518124620952,0.002914722714247879,1.0,0.032888888888888745,77.60000000000001,0.0,0.8794177777777777,0.0869838473106713,0.8726666666666666,0.94,4.0,15.0,31.0,60.0,0.9980158730158729,0.9755178907721281,0.9240143369175627
linucb,none,linucb,all,0.2,100,500,1,100,0.963,0.07457799166040847,0.003335229179561715,1.0,0.03700000000000003,76.8,0.0,0.890561111111111,0.08081833516715729,0.901888888888889,0.9406666666666667,4.0,11.0,25.0,64.0,0.986111111111111,0.980225988700565,0.918279569892473
glm_fpl,none,glm_fpl,all,0.2,100,500,1,100,0.9304444444444445,0.09632937672952621,0.00430798069194814,1.0,0.06955555555555548,60.6,0.0,0.8395055555555556,0.10175017513855147,0.8145555555555556,0.8926666666666666,4.0,16.0,58.0,,0.9682539682539684,0.9322033898305084,0.8874551971326164
bootnn,none,bootnn,all,0.2,100,500,1,100,0.925,0.10632505557154433,0.004755001039388317,1.0,0.07499999999999996,60.0,0.0,0.8060366666666666,0.11456421157019742,0.7412222222222222,0.855,4.0,31.0,71.0,,0.9603174603174602,0.9312617702448209,0.8795698924731181
neurallinear,none,neurallinear,all,0.2,100,500,1,100,0.913,0.10933851023147918,0.004889766828722874,1.0,0.08699999999999997,55.00000000000001,0.0,0.8261122222222221,0.1152488816938611,0.8144444444444444,0.8732222222222221,4.0,20.0,71.0,,0.9642857142857143,0.9218455743879472,0.8473118279569891
bayesgap,none,bayesgap,all,0.2,100,500,1,100,0.9040000000000001,0.11361594341153602,0.005081059455919278,1.0,0.09599999999999986,52.0,0.0,0.83715,0.11930610733044869,0.8448888888888889,0.882,4.0,13.0,86.0,,0.9821428571428571,0.9001883239171375,0.8236559139784946
bocs_hs,none,bocs_hs,all,0.2,100,500,1,100,0.8924444444444445,0.1468378183985526,0.006566786872138658,1.0,0.10755555555555552,55.00000000000001,0.0,0.752298888888889,0.1637073491520979,0.6534444444444445,0.7942222222222222,4.0,41.0,,,0.9920634920634922,0.9133709981167609,0.760573476702509
regevo,none,regevo,all,0.2,100,500,1,100,0.8725555555555556,0.12651472211876585,0.005657910376241133,0.8611111111111112,0.12744444444444436,42.199999999999996,0.0,0.775421111111111,0.12538905958412394,0.731111111111111,0.816,4.0,29.0,,,0.9880952380952381,0.8483992467043314,0.774910394265233
sa,none,sa,all,0.2,100,500,1,100,0.8618888888888889,0.13404263756182044,0.005994568989431943,0.8333333333333334,0.13811111111111107,40.0,0.0,0.7589366666666667,0.14431152205372094,0.7166666666666667,0.801,6.0,33.0,,,0.9940476190476191,0.835216572504708,0.7491039426523298
cucb,none,cucb,all,0.2,100,500,1,100,0.8583333333333333,0.1314531484249504,0.005878763514691169,0.8333333333333334,0.14166666666666672,38.2,0.0,0.8012988888888888,0.12350661115637493,0.7912222222222222,0.8361111111111111,3.0,16.0,,,0.9345238095238095,0.8540489642184559,0.7806451612903225
ols,none,ols,all,0.2,100,500,1,100,0.8345555555555556,0.17167128029087014,0.00767737305029611,0.8333333333333334,0.1654444444444444,42.0,0.0,0.7165133333333333,0.1916583356726142,0.6573333333333333,0.7521111111111111,8.0,50.0,,,0.996031746031746,0.835216572504708,0.6587813620071685
smac,none,smac,all,0.2,100,500,1,100,0.834,0.1524178570477712,0.006816333786873236,0.8333333333333334,0.16600000000000004,37.8,0.0,0.7411766666666666,0.1359844885145144,0.7071111111111111,0.7724444444444445,4.0,45.0,,,0.9722222222222221,0.8097928436911487,0.7118279569892473
cts,none,cts,all,0.2,100,500,1,100,0.8174444444444444,0.1777837270770293,0.00795072998075015,0.8333333333333334,0.18255555555555558,38.6,0.0,0.6970377777777779,0.16253209928336962,0.632,0.7267777777777777,8.0,60.0,,,0.9702380952380952,0.8107344632768362,0.6594982078853047
combo,none,combo,all,0.2,100,500,1,100,0.7206666666666667,0.18706547826672304,0.008365822512958044,0.6666666666666666,0.2793333333333333,24.0,0.0,0.6917855555555554,0.17418803957988943,0.6986666666666667,0.7143333333333334,4.0,,,,0.8849206349206349,0.6685499058380415,0.6021505376344086
combo_slice,none,combo_slice,all,0.2,100,500,1,100,0.7116666666666667,0.20273236223637084,0.009066466863992729,0.6666666666666666,0.28833333333333333,25.8,0.0,0.6710211111111112,0.18696672828100733,0.662,0.6831111111111111,4.0,,,,0.9067460317460316,0.652542372881356,0.567741935483871
random,none,random,all,0.2,100,500,1,100,0.3311111111111111,0.2175698706297673,0.009730020411679892,0.3333333333333333,0.6688888888888889,2.0,13.4,0.3204988888888889,0.05521206324532918,0.31955555555555554,0.3226666666666666,,,,,0.3472222222222222,0.3333333333333333,0.3111111111111111
dreamteam,none,dreamteam,all,0.4,100,500,1,100,0.9742222222222223,0.057704593700115006,0.0025806278825492653,1.0,0.025777777777777677,81.39999999999999,0.0,0.8652622222222222,0.08676486526343594,0.8193333333333334,0.9154444444444445,4.0,17.0,44.0,71.0,1.0,0.9830508474576272,0.9362007168458781
cocabo,none,cocabo,all,0.4,100,500,1,100,0.9667777777777778,0.06571530415307172,0.0029388777449668524,1.0,0.03322222222222215,77.2,0.0,0.8652444444444444,0.08768732250512593,0.8494444444444444,0.9144444444444445,5.0,16.0,41.0,75.0,1.0,0.980225988700565,0.9154121863799285
gp_onehot,none,gp_onehot,all,0.4,100,500,1,100,0.9333333333333335,0.10083890676908847,0.00450965300624891,1.0,0.06666666666666654,63.800000000000004,0.0,0.8122588888888888,0.11413166855929537,0.766888888888889,0.8614444444444445,5.0,22.0,72.0,,0.9980158730158729,0.9453860640301317,0.8494623655913978
gp_ts,none,gp_ts,all,0.4,100,500,1,100,0.9277777777777778,0.0988879006402975,0.004422401359679003,1.0,0.07222222222222219,59.599999999999994,0.0,0.7973811111111111,0.11559358504341448,0.7294444444444445,0.8514444444444444,5.0,30.0,79.0,,0.9980158730158729,0.9340866290018833,0.8444444444444444
casmopolitan,none,casmopolitan,all,0.4,100,500,1,100,0.926,0.10037437036406668,0.004488878306655868,1.0,0.07399999999999995,59.599999999999994,0.0,0.8111633333333333,0.11545827038781198,0.768,0.8612222222222222,5.0,22.0,72.0,,0.9940476190476191,0.9340866290018831,0.8430107526881722
kg,none,kg,all,0.4,100,500,1,100,0.8817777777777779,0.12622168280107154,0.00564480525955224,0.8888888888888888,0.11822222222222212,46.6,0.0,0.8001022222222222,0.12674751184861946,0.7853333333333333,0.8477777777777779,5.0,18.0,,,0.9980158730158731,0.8700564971751412,0.7691756272401433
purexp,none,purexp,all,0.4,100,500,1,100,0.8804444444444446,0.1364107123048983,0.006100472511458391,0.8888888888888888,0.11955555555555542,47.599999999999994,0.0,0.8068888888888889,0.11821466677011995,0.7914444444444445,0.8584444444444445,5.0,19.0,,,0.9821428571428571,0.8625235404896421,0.7906810035842292
gp_ucb,none,gp_ucb,all,0.4,100,500,1,100,0.8704444444444446,0.13129161176678292,0.005871539375720757,0.8888888888888888,0.12955555555555542,43.4,0.0,0.7742522222222221,0.1305919593309865,0.739111111111111,0.8231111111111111,5.0,29.0,,,0.9642857142857143,0.856873822975518,0.7842293906810036
gp_nei,none,gp_nei,all,0.4,100,500,1,100,0.8694444444444445,0.13684761362012074,0.006120011332264321,0.8888888888888888,0.13055555555555554,44.6,0.0,0.7748366666666667,0.13626872479273885,0.7406666666666666,0.8248888888888889,5.0,27.0,,,0.9742063492063492,0.8615819209039548,0.764874551971326
bocs,none,bocs,all,0.4,100,500,1,100,0.863111111111111,0.1421375137403608,0.006356582857525142,0.8333333333333334,0.13688888888888895,43.4,0.0,0.7890333333333333,0.12180720463631754,0.782,0.8313333333333334,5.0,20.0,,,0.996031746031746,0.8418079096045198,0.7433691756272401
sts,none,sts,all,0.4,100,500,1,100,0.863,0.14029949445097792,0.0062743841360248225,0.8333333333333334,0.137,42.0,0.0,0.7893477777777778,0.12231559018989895,0.7842222222222222,0.8314444444444444,5.0,19.0,,,0.9960317460317459,0.8427495291902071,0.7419354838709677
linucb,none,linucb,all,0.4,100,500,1,100,0.8548888888888889,0.1424499610045148,0.006370555923965786,0.8333333333333334,0.14511111111111108,41.0,0.0,0.7843300000000001,0.129634291260245,0.773,0.8245555555555556,5.0,17.0,,,0.9682539682539681,0.8493408662900187,0.7383512544802866
glm_fpl,none,glm_fpl,all,0.4,100,500,1,100,0.8438888888888889,0.14660591813579762,0.006556415977108254,0.8333333333333334,0.1561111111111111,38.0,0.0,0.7559566666666667,0.13042240674042505,0.7306666666666666,0.79,5.0,30.0,,,0.9365079365079364,0.8465160075329565,0.7405017921146952
cucb,none,cucb,all,0.4,100,500,1,100,0.8344444444444444,0.14050606051657077,0.0062836220513150295,0.8333333333333334,0.16555555555555557,34.8,0.0,0.7696033333333332,0.1321406710470085,0.7395555555555555,0.8048888888888889,4.0,28.0,,,0.9365079365079364,0.8248587570621468,0.7347670250896057
bayesgap,none,bayesgap,all,0.4,100,500,1,100,0.8292222222222222,0.1537579034139961,0.006876262482230845,0.8333333333333334,0.1707777777777778,37.2,0.0,0.7583622222222223,0.14592345806092827,0.7514444444444445,0.7948888888888889,5.0,25.0,,,0.9642857142857143,0.8013182674199624,0.7146953405017921
bootnn,none,bootnn,all,0.4,100,500,1,100,0.8225555555555557,0.15250414758313993,0.006820192816931222,0.8333333333333334,0.1774444444444443,33.800000000000004,0.0,0.72527,0.13758354501907677,0.6797777777777777,0.7568888888888889,5.0,41.0,,,0.9206349206349207,0.8220338983050848,0.7168458781362007
neurallinear,none,neurallinear,all,0.4,100,500,1,100,0.8073333333333333,0.15675034994734388,0.00701008875958283,0.8333333333333334,0.19266666666666665,30.4,0.0,0.7302333333333334,0.13857999451270375,0.7138888888888889,0.7694444444444445,5.0,41.0,,,0.9186507936507937,0.7834274952919021,0.7139784946236558
cts,none,cts,all,0.4,100,500,1,100,0.8012222222222222,0.1811928103113455,0.008103188817807867,0.8333333333333334,0.19877777777777783,35.6,0.0,0.6903133333333333,0.16507220112470775,0.6272222222222221,0.7265555555555555,8.0,61.0,,,0.9424603174603173,0.7919020715630884,0.6587813620071685
bocs_hs,none,bocs_hs,all,0.4,100,500,1,100,0.7987777777777778,0.1854040531004083,0.008291521320729871,0.8333333333333334,0.2012222222222222,34.599999999999994,0.0,0.6747833333333333,0.17758424556528213,0.5988888888888889,0.7043333333333334,5.0,73.0,,,0.9484126984126983,0.7994350282485876,0.6358422939068099
smac,none,smac,all,0.4,100,500,1,100,0.7573333333333334,0.16221487097602544,0.00725446956927501,0.6666666666666666,0.2426666666666666,23.400000000000002,0.0,0.6772099999999999,0.12840181126236536,0.6413333333333334,0.7025555555555555,5.0,85.0,,,0.871031746031746,0.7288135593220338,0.6666666666666666
sa,none,sa,all,0.4,100,500,1,100,0.7568888888888888,0.16458117769526354,0.007360294022871628,0.6666666666666666,0.24311111111111117,24.4,0.0,0.6714633333333333,0.13926506176954134,0.640888888888889,0.6998888888888889,8.0,88.0,,,0.882936507936508,0.736346516007533,0.6437275985663083
regevo,none,regevo,all,0.4,100,500,1,100,0.7522222222222222,0.16144878962152084,0.007220209369575663,0.6666666666666666,0.24777777777777776,23.200000000000003,0.0,0.6883322222222223,0.13133680412744045,0.6602222222222222,0.7155555555555555,5.0,90.0,,,0.8769841269841269,0.7156308851224105,0.6587813620071685
ols,none,ols,all,0.4,100,500,1,100,0.7315555555555555,0.18071307552554047,0.00808173442596324,0.6666666666666666,0.2684444444444445,22.6,0.0,0.6393722222222222,0.17877629318860885,0.6018888888888889,0.6661111111111111,11.0,,,,0.878968253968254,0.7269303201506591,0.5770609318996416
combo,none,combo,all,0.4,100,500,1,100,0.6543333333333332,0.19472429522708792,0.008708335219970128,0.6666666666666666,0.3456666666666668,15.6,0.0,0.6321400000000001,0.18125226396123584,0.6397777777777777,0.649,5.0,,,,0.7956349206349207,0.6242937853107344,0.535483870967742
combo_slice,none,combo_slice,all,0.4,100,500,1,100,0.6531111111111111,0.20415038439899774,0.00912988274297743,0.6666666666666666,0.3468888888888889,18.2,0.0,0.6243311111111111,0.18875547895884404,0.629,0.6363333333333334,5.0,,,,0.8333333333333334,0.6101694915254238,0.5068100358422938
random,none,random,all,0.4,100,500,1,100,0.3182222222222222,0.20467651626565755,0.009153412075357033,0.3333333333333333,0.6817777777777778,0.8,14.2,0.32006888888888885,0.05586063147416476,0.31866666666666665,0.31466666666666665,,,,,0.32142857142857145,0.3145009416195857,0.31899641577060933
dreamteam,none,dreamteam,all,0.6,100,500,1,100,0.9424444444444444,0.09395994762839897,0.004202016601188405,1.0,0.05755555555555558,68.0,0.0,0.8179555555555555,0.11240815213682284,0.7473333333333334,0.861,5.0,26.0,67.0,,0.9940476190476191,0.9491525423728814,0.8788530465949821
cocabo,none,cocabo,all,0.6,100,500,1,100,0.915,0.10853589988851939,0.004853873002996824,1.0,0.08499999999999996,55.800000000000004,0.0,0.8052477777777777,0.11558434765291914,0.7744444444444445,0.8554444444444445,7.0,21.0,80.0,,1.0,0.908662900188324,0.8301075268817204
gp_onehot,none,gp_onehot,all,0.6,100,500,1,100,0.8708888888888889,0.13751855718898529,0.00615001684084527,0.8888888888888888,0.12911111111111107,45.0,0.0,0.74648,0.12701567029020533,0.6772222222222222,0.7873333333333333,7.0,39.0,,,0.992063492063492,0.8568738229755178,0.7555555555555555
casmopolitan,none,casmopolitan,all,0.6,100,500,1,100,0.8636666666666666,0.14692182921421565,0.006570543950032014,0.8888888888888888,0.13633333333333342,44.800000000000004,0.0,0.7433822222222223,0.1286854821609013,0.6806666666666666,0.7842222222222222,7.0,40.0,,,0.9861111111111113,0.8578154425612051,0.7376344086021505
gp_ts,none,gp_ts,all,0.6,100,500,1,100,0.8625555555555556,0.13973051612123094,0.006248938651564053,0.8333333333333334,0.13744444444444437,42.6,0.0,0.7398211111111112,0.13234885090802015,0.6804444444444444,0.7881111111111111,7.0,40.0,,,0.9722222222222223,0.8559322033898306,0.7512544802867384
purexp,none,purexp,all,0.6,100,500,1,100,0.8142222222222222,0.15906808194009336,0.0071137408853711075,0.8333333333333334,0.18577777777777782,32.800000000000004,0.0,0.74363,0.13433378838751212,0.7383333333333334,0.7944444444444445,7.0,29.0,,,0.9384920634920636,0.7721280602636534,0.7275985663082437
cucb,none,cucb,all,0.6,100,500,1,100,0.812,0.15266811513332332,0.0068275256686975054,0.8333333333333334,0.18799999999999994,32.0,0.0,0.7331544444444443,0.13868343110637088,0.7,0.76,4.0,43.0,,,0.9186507936507935,0.8003766478342751,0.7096774193548387
gp_nei,none,gp_nei,all,0.6,100,500,1,100,0.8055555555555556,0.1549348241129237,0.006928895975969418,0.8333333333333334,0.19444444444444442,30.4,0.0,0.708558888888889,0.1377896437012914,0.6626666666666666,0.7473333333333334,7.0,51.0,,,0.9246031746031745,0.7702448210922787,0.7168458781362007
gp_ucb,none,gp_ucb,all,0.6,100,500,1,100,0.7997777777777778,0.1586935765969232,0.0070969924972658005,0.7777777777777778,0.2002222222222222,31.2,0.0,0.7093755555555556,0.14055011926404296,0.6675555555555556,0.7551111111111111,7.0,49.0,,,0.9126984126984128,0.7796610169491526,0.7003584229390681
kg,none,kg,all,0.6,100,500,1,100,0.7997777777777777,0.16454885441864112,0.007358848481995963,0.8333333333333334,0.2002222222222223,32.6,0.0,0.726501111111111,0.14147304846924966,0.71,0.7614444444444445,7.0,40.0,,,0.9464285714285714,0.770244821092279,0.6745519713261648
sts,none,sts,all,0.6,100,500,1,100,0.7826666666666666,0.1791013410983726,0.00800965547114676,0.7777777777777778,0.21733333333333338,32.2,0.0,0.7154744444444445,0.1313625135337289,0.7127777777777777,0.7511111111111111,7.0,48.0,,,0.9464285714285714,0.7495291902071562,0.643010752688172
bocs,none,bocs,all,0.6,100,500,1,100,0.773888888888889,0.17639446644768797,0.007888600356636723,0.7222222222222222,0.22611111111111104,29.599999999999998,0.0,0.71118,0.13313673138049806,0.7013333333333334,0.738111111111111,7.0,56.0,,,0.9424603174603173,0.7184557438794726,0.6544802867383511
cts,none,cts,all,0.6,100,500,1,100,0.7673333333333335,0.18671334149420607,0.008350074477743538,0.6666666666666666,0.23266666666666647,30.4,0.0,0.662308888888889,0.1585150680199874,0.6116666666666666,0.6835555555555556,9.0,80.0,,,0.9226190476190477,0.743879472693032,0.6258064516129033
linucb,none,linucb,all,0.6,100,500,1,100,0.7594444444444445,0.17395818124932516,0.007779646370314407,0.6666666666666666,0.24055555555555552,26.200000000000003,0.0,0.7025711111111111,0.13740743823475696,0.6965555555555556,0.7387777777777778,7.0,68.0,,,0.8948412698412698,0.7259887005649718,0.6508960573476702
glm_fpl,none,glm_fpl,all,0.6,100,500,1,100,0.7591111111111111,0.1734775504957061,0.007758151909571023,0.6666666666666666,0.24088888888888893,25.8,0.0,0.6818222222222222,0.1374499065312988,0.647888888888889,0.7132222222222222,7.0,95.0,,,0.8988095238095238,0.7212806026365348,0.6508960573476702
bayesgap,none,bayesgap,all,0.6,100,500,1,100,0.7562222222222221,0.17145442660163787,0.007667675058490211,0.6666666666666666,0.24377777777777787,25.4,0.0,0.6941977777777778,0.15541330819968618,0.6865555555555556,0.7196666666666667,5.0,90.0,,,0.8968253968253967,0.7212806026365348,0.6437275985663082
neurallinear,none,neurallinear,all,0.6,100,500,1,100,0.7433333333333333,0.17975065955809122,0.008038693875446284,0.6666666666666666,0.2566666666666667,24.8,0.0,0.6779211111111111,0.14479486577381487,0.6675555555555556,0.7123333333333334,6.0,,,,0.8769841269841269,0.7175141242937854,0.6279569892473118
bootnn,none,bootnn,all,0.6,100,500,1,100,0.7425555555555555,0.16864083525196624,0.0075418474281147875,0.6666666666666666,0.2574444444444445,22.0,0.0,0.6643177777777778,0.13593866401462645,0.624,0.6988888888888889,6.0,,,,0.8730158730158731,0.7052730696798493,0.6437275985663082
bocs_hs,none,bocs_hs,all,0.6,100,500,1,100,0.7268888888888889,0.19977460765021582,0.008934192057684642,0.6666666666666666,0.2731111111111111,24.8,0.0,0.619431111111111,0.17923678625603362,0.546,0.635,7.0,,,,0.8849206349206349,0.7156308851224105,0.5684587813620072
smac,none,smac,all,0.6,100,500,1,100,0.6942222222222222,0.16506301900322867,0.007381842621251178,0.6666666666666666,0.3057777777777778,14.6,0.0,0.6362944444444445,0.12452758039795608,0.6243333333333334,0.6567777777777777,7.0,,,,0.7956349206349207,0.6741996233521658,0.607168458781362
regevo,none,regevo,all,0.6,100,500,1,100,0.6783333333333332,0.155332529307054,0.00694668189295102,0.6666666666666666,0.32166666666666677,13.0,0.0,0.6326022222222222,0.12019777423417355,0.6183333333333334,0.6572222222222222,6.0,,,,0.7817460317460316,0.6544256120527308,0.5935483870967742
sa,none,sa,all,0.6,100,500,1,100,0.6618888888888887,0.15458115628249067,0.006913079469763356,0.6666666666666666,0.33811111111111125,11.200000000000001,0.0,0.61515,0.13466515168742618,0.6,0.640888888888889,9.0,,,,0.765873015873016,0.643126177024482,0.5706093189964159
ols,none,ols,all,0.6,100,500,1,100,0.647,0.17688105367061954,0.00791036119878588,0.6666666666666666,0.353,13.8,0.0,0.5846277777777777,0.17115211633861765,0.5595555555555556,0.6117777777777778,13.0,,,,0.8015873015873017,0.6092278719397363,0.5225806451612903
combo_slice,none,combo_slice,all,0.6,100,500,1,100,0.617111111111111,0.1930624617306367,0.008634015766663106,0.6666666666666666,0.38288888888888895,12.6,0.0,0.5889277777777777,0.17589517303392033,0.5893333333333334,0.600111111111111,7.0,,,,0.7698412698412699,0.5725047080979285,0.5025089605734767
combo,none,combo,all,0.6,100,500,1,100,0.6097777777777778,0.18667000665014594,0.008348136484601282,0.6666666666666666,0.39022222222222225,10.2,0.0,0.5902488888888888,0.1717685062323526,0.5935555555555555,0.6045555555555555,7.0,,,,0.7281746031746033,0.583804143126177,0.5111111111111111
random,none,random,all,0.6,100,500,1,100,0.31344444444444447,0.19853925473654493,0.008878945395861232,0.3333333333333333,0.6865555555555556,0.4,14.6,0.32027222222222224,0.054801681716972764,0.3306666666666666,0.3213333333333333,,,,,0.3194444444444444,0.3060263653483993,0.3154121863799283
dreamteam,none,dreamteam,all,0.8,100,500,1,100,0.9082222222222222,0.11925841099888125,0.0053333982776421415,1.0,0.09177777777777785,55.800000000000004,0.0,0.7866533333333333,0.12539276899108948,0.7118888888888889,0.8307777777777778,5.0,30.0,92.0,,0.996031746031746,0.9077212806026367,0.8136200716845876
cocabo,none,cocabo,all,0.8,100,500,1,100,0.8633333333333335,0.13941006645703677,0.006234607706913949,0.8333333333333334,0.1366666666666665,43.2,0.0,0.7561466666666667,0.12258300819815499,0.7163333333333334,0.8003333333333333,7.0,32.0,,,0.9742063492063492,0.8512241054613937,0.7569892473118279
gp_onehot,none,gp_onehot,all,0.8,100,500,1,100,0.833,0.1543745526671907,0.006903839875199196,0.8333333333333334,0.16700000000000004,38.4,0.0,0.7051711111111111,0.1310091410625065,0.637,0.741111111111111,7.0,57.0,,,0.9662698412698412,0.8032015065913369,0.7225806451612903
casmopolitan,none,casmopolitan,all,0.8,100,500,1,100,0.8135555555555556,0.1607660291342833,0.007189675392339383,0.8333333333333334,0.1864444444444444,34.0,0.0,0.7013066666666666,0.13248031626165693,0.645888888888889,0.7336666666666666,7.0,58.0,,,0.9424603174603173,0.7947269303201504,0.6953405017921147
gp_ts,none,gp_ts,all,0.8,100,500,1,100,0.7993333333333333,0.16777129669952304,0.007502960481868392,0.8333333333333334,0.20066666666666666,32.4,0.0,0.6869188888888889,0.14022028512019047,0.6285555555555555,0.7227777777777777,7.0,68.0,,,0.9107142857142857,0.8022598870056498,0.675268817204301
cucb,none,cucb,all,0.8,100,500,1,100,0.7756666666666667,0.1657228154476925,0.007411349615273853,0.7777777777777778,0.22433333333333327,27.200000000000003,0.0,0.699968888888889,0.1415391723575504,0.6694444444444445,0.7357777777777779,4.0,63.0,,,0.8928571428571429,0.7693032015065913,0.6559139784946236
gp_nei,none,gp_nei,all,0.8,100,500,1,100,0.7605555555555555,0.16990016322611895,0.007598166287238238,0.6666666666666666,0.23944444444444446,25.2,0.0,0.6751333333333334,0.14840443272537263,0.6318888888888889,0.7116666666666667,7.0,84.0,,,0.882936507936508,0.7429378531073446,0.6480286738351255
gp_ucb,none,gp_ucb,all,0.8,100,500,1,100,0.7491111111111111,0.1628728757830788,0.007283896438836869,0.6666666666666666,0.25088888888888894,22.0,0.0,0.6666666666666667,0.14013400029629158,0.6244444444444445,0.7014444444444444,7.0,,,,0.8630952380952381,0.7288135593220338,0.6487455197132616
purexp,none,purexp,all,0.8,100,500,1,100,0.7415555555555555,0.17376069930503374,0.007770814709279118,0.6666666666666666,0.2584444444444445,22.2,0.0,0.6940377777777778,0.13772746208119263,0.6822222222222222,0.736111111111111,7.0,81.0,,,0.8630952380952381,0.7080979284369116,0.6480286738351255
cts,none,cts,all,0.8,100,500,1,100,0.738,0.19160735208239796,0.008568941284899554,0.6666666666666666,0.262,25.6,0.0,0.6323111111111112,0.1522498808711852,0.5793333333333334,0.6604444444444445,12.0,,,,0.8928571428571429,0.704331450094162,0.6086021505376343
kg,none,kg,all,0.8,100,500,1,100,0.721111111111111,0.16911290209784077,0.007562958899260775,0.6666666666666666,0.27888888888888896,19.2,0.0,0.6645155555555554,0.13654303434308074,0.6503333333333333,0.6993333333333334,7.0,,,,0.8452380952380952,0.6986817325800376,0.6121863799283154
bocs,none,bocs,all,0.8,100,500,1,100,0.7158888888888888,0.17772109288901514,0.007947928894707846,0.6666666666666666,0.2841111111111112,20.4,0.0,0.6614800000000001,0.12367310923357568,0.6475555555555556,0.6868888888888889,7.0,,,,0.8511904761904762,0.6939736346516008,0.5942652329749104
sts,none,sts,all,0.8,100,500,1,100,0.712,0.17915216895493571,0.008011928561995275,0.6666666666666666,0.28800000000000003,20.4,0.0,0.6619433333333332,0.13140898450671032,0.6614444444444445,0.6908888888888889,7.0,,,,0.8571428571428571,0.6760828625235404,0.5956989247311828
bayesgap,none,bayesgap,all,0.8,100,500,1,100,0.7034444444444443,0.17391067230808677,0.0077775217058714445,0.6666666666666666,0.2965555555555557,17.599999999999998,0.0,0.6480444444444445,0.14918923036819373,0.6357777777777777,0.6742222222222222,7.0,,,,0.8293650793650793,0.6789077212806026,0.5949820788530467
linucb,none,linucb,all,0.8,100,500,1,100,0.6965555555555556,0.17515810207193638,0.00783330846085393,0.6666666666666666,0.3034444444444444,17.4,0.0,0.6492711111111111,0.13535956984004574,0.6454444444444445,0.6723333333333333,7.0,,,,0.8293650793650793,0.6713747645951036,0.5813620071684588
glm_fpl,none,glm_fpl,all,0.8,100,500,1,100,0.6895555555555555,0.17257629472404482,0.00771784652616005,0.6666666666666666,0.3104444444444445,15.4,0.0,0.6303633333333333,0.12862860685880484,0.603111111111111,0.6552222222222222,7.0,,,,0.8035714285714286,0.6666666666666666,0.5921146953405018
bootnn,none,bootnn,all,0.8,100,500,1,100,0.686,0.17832816716307276,0.00797507808159153,0.6666666666666666,0.31399999999999995,16.2,0.0,0.6199511111111112,0.12836209646427496,0.5812222222222222,0.641888888888889,7.0,,,,0.8075396825396827,0.6572504708097929,0.5870967741935483
bocs_hs,none,bocs_hs,all,0.8,100,500,1,100,0.6695555555555556,0.20814710744545645,0.009308621631359863,0.6666666666666666,0.33044444444444443,18.0,0.4,0.5828644444444444,0.18028176976489424,0.5265555555555556,0.6024444444444444,7.0,,,,0.8154761904761905,0.647834274952919,0.5362007168458781
neurallinear,none,neurallinear,all,0.8,100,500,1,100,0.6695555555555556,0.17120027057670786,0.007656308855517518,0.6666666666666666,0.33044444444444443,14.2,0.0,0.6197744444444445,0.13538385267090355,0.6173333333333334,0.6524444444444445,7.0,,,,0.7936507936507937,0.64030131826742,0.5684587813620072
smac,none,smac,all,0.8,100,500,1,100,0.649888888888889,0.15876773022910537,0.007100308748512557,0.6666666666666666,0.35011111111111104,10.2,0.0,0.6033299999999999,0.12191088304407836,0.589,0.6277777777777778,7.0,,,,0.7519841269841271,0.6167608286252354,0.5770609318996416
regevo,none,regevo,all,0.8,100,500,1,100,0.6233333333333333,0.1635347384446082,0.007313495836895843,0.6666666666666666,0.3766666666666667,8.4,0.0,0.5947255555555555,0.1344163710980519,0.5886666666666667,0.6147777777777778,6.0,,,,0.7182539682539683,0.608286252354049,0.5376344086021506
sa,none,sa,all,0.8,100,500,1,100,0.6165555555555554,0.1585494175673014,0.007090545509469705,0.6666666666666666,0.3834444444444446,7.6,0.0,0.5752766666666667,0.13128204563203474,0.5505555555555556,0.6075555555555555,13.0,,,,0.7202380952380952,0.596045197740113,0.5275985663082436
combo_slice,none,combo_slice,all,0.8,100,500,1,100,0.598111111111111,0.1957264731007181,0.008753153976989794,0.5555555555555556,0.40188888888888896,11.799999999999999,0.0,0.57337,0.1794441890693919,0.5728888888888889,0.5851111111111111,7.0,,,,0.7341269841269841,0.5677966101694916,0.48530465949820795
ols,none,ols,all,0.8,100,500,1,100,0.594,0.17862481909766728,0.007988344759419733,0.5555555555555556,0.406,9.2,0.0,0.5465188888888888,0.1639781780742014,0.5312222222222222,0.5716666666666667,18.0,,,,0.7321428571428571,0.5706214689265536,0.47096774193548385
combo,none,combo,all,0.8,100,500,1,100,0.5925555555555554,0.1805304523254421,0.00807356726816947,0.6111111111111112,0.4074444444444446,8.0,0.0,0.5752522222222223,0.16869915954556883,0.5806666666666667,0.5893333333333334,7.0,,,,0.6984126984126985,0.5734463276836158,0.4996415770609319
random,none,random,all,0.8,100,500,1,100,0.3251111111111111,0.20803415763396307,0.009303570362228964,0.3333333333333333,0.6748888888888889,1.4000000000000001,13.200000000000001,0.3194755555555555,0.0558146177135383,0.31444444444444447,0.3266666666666666,,,,,0.32936507936507936,0.32015065913370994,0.32616487455197135
dreamteam,none,dreamteam,all,1.0,100,500,1,100,0.8747777777777779,0.14201539981497166,0.0063511217567617535,0.8888888888888888,0.12522222222222212,48.4,0.0,0.7513933333333334,0.13891168587790126,0.6978888888888889,0.7937777777777778,6.0,39.0,,,0.9722222222222221,0.8822975517890773,0.760573476702509
cocabo,none,cocabo,all,1.0,100,500,1,100,0.8455555555555556,0.15273956527036694,0.00683072101596613,0.8333333333333334,0.15444444444444438,41.4,0.0,0.727671111111111,0.13583887217379503,0.6903333333333334,0.7607777777777777,9.0,45.0,,,0.9722222222222221,0.8361581920903954,0.7189964157706094
gp_onehot,none,gp_onehot,all,1.0,100,500,1,100,0.7922222222222222,0.16750328136019935,0.0074909744715135835,0.7777777777777778,0.20777777777777784,30.8,0.0,0.6670044444444445,0.13256536135636854,0.6086666666666666,0.6906666666666667,9.0,76.0,,,0.9186507936507937,0.7777777777777779,0.6716845878136201
casmopolitan,none,casmopolitan,all,1.0,100,500,1,100,0.7812222222222222,0.17428725826371377,0.007794363141794519,0.7777777777777778,0.21877777777777785,29.799999999999997,0.0,0.6680788888888889,0.13906649102942517,0.5998888888888889,0.7073333333333334,9.0,73.0,,,0.9325396825396824,0.7561205273069679,0.6458781362007169
gp_ts,none,gp_ts,all,1.0,100,500,1,100,0.7795555555555557,0.17832886085022204,0.007975109104223948,0.7777777777777778,0.22044444444444433,29.799999999999997,0.0,0.6597000000000001,0.14125518456128255,0.600111111111111,0.6885555555555556,9.0,80.0,,,0.9027777777777777,0.7796610169491526,0.6458781362007168
cucb,none,cucb,all,1.0,100,500,1,100,0.7556666666666666,0.17038816267674164,0.007619990286129736,0.6666666666666666,0.2443333333333334,24.2,0.0,0.6778777777777777,0.13845745907311388,0.6496666666666666,0.7051111111111111,6.0,96.0,,,0.8690476190476191,0.748587570621469,0.6408602150537634
gp_nei,none,gp_nei,all,1.0,100,500,1,100,0.7284444444444443,0.16749456662038031,0.007490584736500752,0.6666666666666666,0.27155555555555566,19.6,0.0,0.6443799999999998,0.14040489757525854,0.607,0.6786666666666666,9.0,,,,0.8432539682539684,0.7156308851224105,0.6186379928315412
cts,none,cts,all,1.0,100,500,1,100,0.721111111111111,0.19500111174866622,0.00872071483116101,0.6666666666666666,0.27888888888888896,23.200000000000003,0.0,0.6193255555555557,0.1476604123696738,0.5734444444444444,0.6393333333333334,13.0,,,,0.8492063492063492,0.7005649717514124,0.6057347670250895
purexp,none,purexp,all,1.0,100,500,1,100,0.7053333333333333,0.17369561737558262,0.007767904156911927,0.6666666666666666,0.29466666666666674,16.8,0.0,0.6607288888888889,0.12698227421112324,0.651,0.6937777777777777,9.0,,,,0.8174603174603173,0.6591337099811676,0.6365591397849462
gp_ucb,none,gp_ucb,all,1.0,100,500,1,100,0.7032222222222222,0.1738509120979792,0.007774849148028441,0.6666666666666666,0.2967777777777778,18.0,0.0,0.6291833333333333,0.1458021561185419,0.6022222222222222,0.6595555555555556,9.0,,,,0.8174603174603173,0.6845574387947269,0.6007168458781362
kg,none,kg,all,1.0,100,500,1,100,0.6747777777777777,0.17263388069953886,0.007720421849275156,0.6666666666666666,0.3252222222222223,14.799999999999999,0.0,0.6305366666666666,0.13581975783887876,0.6324444444444445,0.6555555555555556,9.0,,,,0.7956349206349207,0.652542372881356,0.5691756272401434
bocs,none,bocs,all,1.0,100,500,1,100,0.6714444444444445,0.18298199163570822,0.00818320343911483,0.6666666666666666,0.3285555555555555,15.4,0.0,0.6296633333333334,0.12772714810697802,0.6298888888888889,0.658888888888889,9.0,,,,0.8055555555555555,0.6261770244821093,0.5777777777777778
bayesgap,none,bayesgap,all,1.0,100,500,1,100,0.6613333333333332,0.17846588052452256,0.007981236810343765,0.6666666666666666,0.3386666666666668,13.4,0.0,0.6162088888888888,0.149081020312057,0.6038888888888889,0.6332222222222221,8.0,,,,0.7876984126984128,0.632768361581921,0.556989247311828
linucb,none,linucb,all,1.0,100,500,1,100,0.6574444444444444,0.17811601507777236,0.007965590351905529,0.6666666666666666,0.3425555555555556,13.4,0.0,0.6157766666666666,0.13750071309212786,0.6013333333333334,0.6426666666666666,9.0,,,,0.7857142857142857,0.6337099811676083,0.5455197132616486
sts,none,sts,all,1.0,100,500,1,100,0.655,0.18240047952675886,0.00815719742700783,0.6666666666666666,0.345,13.0,0.0,0.6225366666666666,0.12741691179613024,0.6267777777777778,0.6485555555555556,9.0,,,,0.7817460317460319,0.6242937853107344,0.5526881720430108
glm_fpl,none,glm_fpl,all,1.0,100,500,1,100,0.653888888888889,0.18222406193574142,0.008149307792488994,0.6666666666666666,0.34611111111111104,13.8,0.0,0.6000977777777777,0.1358048247096143,0.5851111111111111,0.6186666666666666,9.0,,,,0.7956349206349207,0.6224105461393596,0.5362007168458781
bootnn,none,bootnn,all,1.0,100,500,1,100,0.6465555555555554,0.1745780222017344,0.007807366500410912,0.6666666666666666,0.35344444444444456,12.0,0.0,0.5875533333333333,0.1363080008483617,0.5614444444444444,0.6067777777777777,9.0,,,,0.7678571428571429,0.6129943502824858,0.5534050179211469
neurallinear,none,neurallinear,all,1.0,100,500,1,100,0.6307777777777779,0.18017240919067856,0.008057555092405303,0.6666666666666666,0.3692222222222221,10.6,0.0,0.5884088888888889,0.1354406020319966,0.5801111111111111,0.612111111111111,8.0,,,,0.7440476190476191,0.611111111111111,0.5304659498207885
bocs_hs,none,bocs_hs,all,1.0,100,500,1,100,0.6286666666666667,0.1965534699084861,0.008790138398576685,0.6666666666666666,0.3713333333333333,12.2,0.0,0.5548666666666665,0.16900941816533646,0.522888888888889,0.5664444444444444,9.0,,,,0.757936507936508,0.6026365348399246,0.5182795698924731
smac,none,smac,all,1.0,100,500,1,100,0.6197777777777779,0.1729111496322222,0.007732821692905732,0.6666666666666666,0.38022222222222213,9.2,0.0,0.5823577777777778,0.12911475190428967,0.5863333333333334,0.6047777777777777,9.0,,,,0.7261904761904762,0.5875706214689266,0.5412186379928315
regevo,none,regevo,all,1.0,100,500,1,100,0.5946666666666666,0.16635449128094243,0.007439599017331666,0.5555555555555556,0.40533333333333343,7.6,0.0,0.5658344444444444,0.12912671979095727,0.5657777777777777,0.5925555555555555,9.0,,,,0.7023809523809523,0.5536723163841808,0.5247311827956987
sa,none,sa,all,1.0,100,500,1,100,0.5714444444444444,0.14855793451535754,0.0066437128034660346,0.5555555555555556,0.4285555555555556,3.2,0.0,0.545431111111111,0.13616433622769242,0.5487777777777777,0.5591111111111111,14.0,,,,0.6626984126984128,0.5546139359698682,0.4917562724014337
combo_slice,none,combo_slice,all,1.0,100,500,1,100,0.571,0.19595917310990071,0.008763560637767736,0.5555555555555556,0.42900000000000005,8.799999999999999,0.0,0.5485099999999999,0.17908012248206304,0.5481111111111111,0.5587777777777777,9.0,,,,0.6984126984126985,0.5414312617702448,0.4666666666666666
combo,none,combo,all,1.0,100,500,1,100,0.569,0.1916080945359162,0.008568974488430293,0.5555555555555556,0.43100000000000005,7.199999999999999,0.0,0.5517000000000001,0.17739592458740197,0.556,0.5661111111111111,9.0,,,,0.6686507936507937,0.556497175141243,0.4752688172043011
ols,none,ols,all,1.0,100,500,1,100,0.5485555555555557,0.16829277980437363,0.0075262819152996634,0.5,0.4514444444444443,5.0,0.0,0.5186288888888889,0.15467969314597696,0.502,0.549,25.0,,,,0.6547619047619048,0.532015065913371,0.4523297491039427
random,none,random,all,1.0,100,500,1,100,0.32955555555555555,0.21899357977096057,0.009793690620077813,0.3333333333333333,0.6704444444444444,1.7999999999999998,14.6,0.31995666666666667,0.05550239027026813,0.31922222222222224,0.33055555555555555,,,,,0.35714285714285715,0.32015065913371,0.31039426523297486
