algorithm,switch_limit,condition,noise_level,n_rows,churn_mean,churn_late_mean,churn_late_frac_of_team,hamming_mean,hamming_late_mean,pct_rounds_played_optimum,pct_rounds_blocked_by_limit,requested_changes_mean,final_perf_mean
bayesgap,none,bayesgap,0.0,50000,1.83868,1.5739,0.30443333333333333,1.69864,1.3974,13.15,0.0,1.83868,0.8945555555555557
bayesgap,none,bayesgap,0.2,50000,1.6777,1.1529,0.21441111111111114,1.64446,1.0933,25.52,0.0,1.6777,0.9040000000000001
bayesgap,none,bayesgap,0.4,50000,2.22676,1.7234,0.28658333333333336,2.23462,1.7167,18.26,0.0,2.22676,0.8292222222222222
bayesgap,none,bayesgap,0.6,50000,2.52466,2.0982,0.3377611111111111,2.63858,2.2737,12.57,0.0,2.52466,0.7562222222222221
bayesgap,none,bayesgap,0.8,50000,2.6908,2.3101,0.36843888888888887,2.86648,2.5739,9.56,0.0,2.6908,0.7034444444444443
bayesgap,none,bayesgap,1.0,50000,2.73742,2.3716,0.37457222222222225,3.00004,2.7431,7.91,0.0,2.73742,0.6613333333333332
bayesgap,none,bayesgap,-1.0,300000,2.28267,1.8716833333333334,0.3143666666666667,2.3471366666666666,1.96635,14.495,0.0,2.28267,0.7914629629629629
bocs_hs,none,bocs_hs,0.0,50000,1.48698,0.1271,0.01975,1.2662,0.0643,96.22,0.0,1.48698,0.9327777777777778
bocs_hs,none,bocs_hs,0.2,50000,2.2018,1.1663,0.1566,1.80792,0.7463,60.62,0.0,2.2018,0.8924444444444445
bocs_hs,none,bocs_hs,0.4,50000,2.8389,2.1694,0.31192777777777775,2.45624,1.6816,32.84,0.0,2.8389,0.7987777777777778
bocs_hs,none,bocs_hs,0.6,50000,3.14062,2.6688,0.40645555555555557,2.815,2.2244,20.4,0.0,3.14062,0.7268888888888889
bocs_hs,none,bocs_hs,0.8,50000,3.27576,2.9066,0.4515444444444444,3.0042,2.5261,13.120000000000001,0.0,3.27576,0.6695555555555556
bocs_hs,none,bocs_hs,1.0,50000,3.3485,3.0053,0.47092777777777783,3.1543,2.7217,10.040000000000001,0.0,3.3485,0.6286666666666667
bocs_hs,none,bocs_hs,-1.0,300000,2.7154266666666667,2.00725,0.3028675925925926,2.41731,1.6607333333333334,38.873333333333335,0.0,2.7154266666666667,0.7748518518518519
bocs,none,bocs,0.0,50000,1.3009,0.088,0.009938888888888888,1.0658,0.0434,96.93,0.0,1.3009,1.0
bocs,none,bocs,0.2,50000,2.5016,2.1113,0.27457777777777775,1.98224,1.4499,48.59,0.0,2.5016,0.9694444444444444
bocs,none,bocs,0.4,50000,3.11822,3.0069,0.43253888888888886,2.65516,2.3726,27.82,0.0,3.11822,0.863111111111111
bocs,none,bocs,0.6,50000,3.3776,3.3753,0.51785,3.00046,2.83,16.2,0.0,3.3776,0.773888888888889
bocs,none,bocs,0.8,50000,3.48836,3.5048,0.5530333333333334,3.17856,3.0379,10.190000000000001,0.0,3.48836,0.7158888888888888
bocs,none,bocs,1.0,50000,3.54106,3.575,0.5693444444444444,3.28788,3.1611,8.52,0.0,3.54106,0.6714444444444445
bocs,none,bocs,-1.0,300000,2.8879566666666667,2.6102166666666666,0.3928805555555556,2.52835,2.14915,34.708333333333336,0.0,2.8879566666666667,0.8322962962962964
bootnn,none,bootnn,0.0,50000,1.11932,0.0364,0.005894444444444444,1.31292,0.2266,79.64,0.0,1.11932,0.9651111111111113
bootnn,none,bootnn,0.2,50000,1.37746,0.3735,0.04689444444444445,1.6469,0.657,54.47,0.0,1.37746,0.925
bootnn,none,bootnn,0.4,50000,1.7957,1.1275,0.15312777777777778,2.2101,1.5135,30.0,0.0,1.7957,0.8225555555555557
bootnn,none,bootnn,0.6,50000,2.01482,1.5182,0.22165555555555558,2.55828,2.0297,18.4,0.0,2.01482,0.7425555555555555
bootnn,none,bootnn,0.8,50000,2.15494,1.7387,0.2563833333333333,2.76244,2.27,13.819999999999999,0.0,2.15494,0.686
bootnn,none,bootnn,1.0,50000,2.19588,1.8165,0.2771222222222222,2.918,2.5184,10.77,0.0,2.19588,0.6465555555555554
bootnn,none,bootnn,-1.0,300000,1.7763533333333332,1.1018,0.16017962962962962,2.2347733333333335,1.5358666666666667,34.516666666666666,0.0,1.7763533333333332,0.7979629629629629
casmopolitan,none,casmopolitan,0.0,50000,0.67612,0.2894,0.05691666666666667,0.64364,0.1404,95.56,0.0,0.67612,1.0
casmopolitan,none,casmopolitan,0.2,50000,1.3824,0.9524,0.16002222222222223,1.35646,0.8071,42.59,0.0,1.3824,0.9931111111111111
casmopolitan,none,casmopolitan,0.4,50000,1.7142,1.457,0.245,2.06288,1.6109,20.18,0.0,1.7142,0.926
casmopolitan,none,casmopolitan,0.6,50000,1.8556,1.6457,0.2827444444444444,2.44486,2.0578,13.84,0.0,1.8556,0.8636666666666666
casmopolitan,none,casmopolitan,0.8,50000,1.94662,1.7792,0.30617222222222223,2.66066,2.3646,11.219999999999999,0.0,1.94662,0.8135555555555556
casmopolitan,none,casmopolitan,1.0,50000,1.9693,1.8356,0.31827222222222223,2.81906,2.5444,10.27,0.0,1.9693,0.7812222222222222
casmopolitan,none,casmopolitan,-1.0,300000,1.5907066666666667,1.32655,0.22818796296296293,1.9979266666666666,1.5875333333333332,32.276666666666664,0.0,1.5907066666666667,0.8962592592592593
cocabo,none,cocabo,0.0,50000,3.02188,2.8572,0.47300555555555557,2.17468,1.8754,51.23,0.0,3.02188,1.0
cocabo,none,cocabo,0.2,50000,3.16338,2.9145,0.4774333333333333,2.40472,1.9969,37.93,0.0,3.16338,0.9991111111111111
cocabo,none,cocabo,0.4,50000,3.31044,3.1241,0.5129888888888888,2.72688,2.362,22.14,0.0,3.31044,0.9667777777777778
cocabo,none,cocabo,0.6,50000,3.39384,3.2045,0.5291833333333333,2.95392,2.5851,13.74,0.0,3.39384,0.915
cocabo,none,cocabo,0.8,50000,3.42326,3.2352,0.5374333333333332,3.08716,2.7906,10.56,0.0,3.42326,0.8633333333333335
cocabo,none,cocabo,1.0,50000,3.45536,3.3063,0.5488222222222222,3.18096,2.8841,8.84,0.0,3.45536,0.8455555555555556
cocabo,none,cocabo,-1.0,300000,3.2946933333333335,3.1069666666666667,0.5131444444444444,2.75472,2.4156833333333334,24.073333333333334,0.0,3.2946933333333335,0.9316296296296296
combo,none,combo,0.0,50000,0.4264,0.0287,0.0032500000000000007,2.01198,1.7362,28.599999999999998,0.0,0.4264,0.757
combo,none,combo,0.2,50000,0.42404,0.0082,0.001,2.18706,1.9346,23.82,0.0,0.42404,0.7206666666666667
combo,none,combo,0.4,50000,0.42072,0.0011,0.0002666666666666666,2.50072,2.3028,15.6,0.0,0.42072,0.6543333333333332
combo,none,combo,0.6,50000,0.42832,0.0012,0.0002333333333333333,2.70052,2.5223,10.2,0.0,0.42832,0.6097777777777778
combo,none,combo,0.8,50000,0.43972,0.0011,0.0002333333333333333,2.76766,2.6064,7.969999999999999,0.0,0.43972,0.5925555555555554
combo,none,combo,1.0,50000,0.44688,0.0084,0.0015333333333333334,2.89936,2.7426,7.21,0.0,0.44688,0.569
combo,none,combo,-1.0,300000,0.43101333333333336,0.008116666666666666,0.0010861111111111115,2.511216666666667,2.3074833333333333,15.566666666666668,0.0,0.43101333333333336,0.6505555555555557
combo_slice,none,combo_slice,0.0,50000,0.4392,0.0507,0.007027777777777779,2.2498,1.9231,29.970000000000002,0.0,0.4392,0.7433333333333333
combo_slice,none,combo_slice,0.2,50000,0.43202,0.0267,0.00471111111111111,2.35812,2.053,25.419999999999998,0.0,0.43202,0.7116666666666667
combo_slice,none,combo_slice,0.4,50000,0.43796,0.0257,0.005738888888888889,2.60266,2.3855,17.83,0.0,0.43796,0.6531111111111111
combo_slice,none,combo_slice,0.6,50000,0.45952,0.0401,0.007427777777777777,2.74848,2.5392,12.3,0.0,0.45952,0.617111111111111
combo_slice,none,combo_slice,0.8,50000,0.47564,0.0395,0.008794444444444445,2.81672,2.6311,11.690000000000001,0.0,0.47564,0.598111111111111
combo_slice,none,combo_slice,1.0,50000,0.4873,0.0468,0.010533333333333334,2.95468,2.7699,8.82,0.0,0.4873,0.571
combo_slice,none,combo_slice,-1.0,300000,0.4552733333333333,0.03825,0.007372222222222221,2.6217433333333333,2.3836333333333335,17.671666666666667,0.0,0.4552733333333333,0.6490555555555555
cts,none,cts,0.0,50000,2.36122,1.7,0.23211666666666664,2.52108,1.8456,36.18,0.0,2.36122,0.8289999999999998
cts,none,cts,0.2,50000,2.4375,1.838,0.26197777777777775,2.61514,1.9531,30.459999999999997,0.0,2.4375,0.8174444444444444
cts,none,cts,0.4,50000,2.50818,1.983,0.2957444444444445,2.67734,2.1205,24.79,0.0,2.50818,0.8012222222222222
cts,none,cts,0.6,50000,2.61046,2.1527,0.3341277777777778,2.80836,2.2994,18.95,0.0,2.61046,0.7673333333333335
cts,none,cts,0.8,50000,2.68028,2.2402,0.3508555555555556,2.94348,2.4658,15.709999999999999,0.0,2.68028,0.738
cts,none,cts,1.0,50000,2.74506,2.3693,0.37925,3.00386,2.5632,12.889999999999999,0.0,2.74506,0.721111111111111
cts,none,cts,-1.0,300000,2.5571166666666665,2.0472,0.309012037037037,2.7615433333333335,2.2079333333333335,23.163333333333334,0.0,2.5571166666666665,0.7790185185185186
cucb,none,cucb,0.0,50000,4.00072,3.1162,0.48571111111111115,2.94278,2.4394,18.459999999999997,0.0,4.00072,0.8384444444444444
cucb,none,cucb,0.2,50000,3.93488,3.0271,0.4649833333333334,3.02072,2.5665,16.76,0.0,3.93488,0.8583333333333333
cucb,none,cucb,0.4,50000,3.76144,2.8919,0.45439444444444443,3.12096,2.7453,12.35,0.0,3.76144,0.8344444444444444
cucb,none,cucb,0.6,50000,3.6228,2.8337,0.45046111111111115,3.21562,2.9243,8.89,0.0,3.6228,0.812
cucb,none,cucb,0.8,50000,3.42588,2.6874,0.43186111111111114,3.25542,3.0093,7.4399999999999995,0.0,3.42588,0.7756666666666667
cucb,none,cucb,1.0,50000,3.37172,2.654,0.4234111111111111,3.30756,3.0667,6.619999999999999,0.0,3.37172,0.7556666666666666
cucb,none,cucb,-1.0,300000,3.68624,2.8683833333333335,0.4518037037037037,3.1438433333333333,2.791916666666667,11.753333333333334,0.0,3.68624,0.812425925925926
dreamteam,none,dreamteam,0.0,50000,3.91684,3.9597,0.6608444444444445,3.59768,3.537,3.6799999999999997,0.0,3.91684,0.9966666666666666
dreamteam,none,dreamteam,0.2,50000,3.91312,3.9377,0.6584055555555555,3.60462,3.5335,3.66,0.0,3.91312,0.9945555555555556
dreamteam,none,dreamteam,0.4,50000,3.9248,3.9516,0.6602611111111111,3.62176,3.5487,3.4099999999999997,0.0,3.9248,0.9742222222222223
dreamteam,none,dreamteam,0.6,50000,3.9113,3.9551,0.6606,3.62584,3.5465,3.6900000000000004,0.0,3.9113,0.9424444444444444
dreamteam,none,dreamteam,0.8,50000,3.9079,3.9362,0.6580277777777778,3.64256,3.5754,3.25,0.0,3.9079,0.9082222222222222
dreamteam,none,dreamteam,1.0,50000,3.9079,3.9424,0.6629,3.66684,3.5994,2.82,0.0,3.9079,0.8747777777777779
dreamteam,none,dreamteam,-1.0,300000,3.9136433333333334,3.9471166666666666,0.6601731481481482,3.62655,3.55675,3.4183333333333334,0.0,3.9136433333333334,0.9484814814814815
glm_fpl,none,glm_fpl,0.0,50000,1.8125,1.4745,0.18773333333333334,1.63624,1.1015,47.56,0.0,1.8125,0.9545555555555555
glm_fpl,none,glm_fpl,0.2,50000,1.9906,1.803,0.23866111111111107,1.87738,1.4371,37.6,0.0,1.9906,0.9304444444444445
glm_fpl,none,glm_fpl,0.4,50000,2.20122,2.1102,0.29158333333333336,2.26936,1.8961,27.88,0.0,2.20122,0.8438888888888889
glm_fpl,none,glm_fpl,0.6,50000,2.3108,2.2986,0.3297833333333334,2.56838,2.2732,20.150000000000002,0.0,2.3108,0.7591111111111111
glm_fpl,none,glm_fpl,0.8,50000,2.31952,2.24,0.32458333333333333,2.74918,2.4771,13.239999999999998,0.0,2.31952,0.6895555555555555
glm_fpl,none,glm_fpl,1.0,50000,2.34764,2.2845,0.33208333333333334,2.91252,2.6601,11.57,0.0,2.34764,0.653888888888889
glm_fpl,none,glm_fpl,-1.0,300000,2.1637133333333334,2.0351333333333335,0.2840712962962963,2.33551,1.9741833333333334,26.333333333333332,0.0,2.1637133333333334,0.8052407407407409
gp_nei,none,gp_nei,0.0,50000,0.51692,0.0014,0.00016666666666666666,0.5675,0.0006,99.94,0.0,0.51692,1.0
gp_nei,none,gp_nei,0.2,50000,0.66136,0.1707,0.02166111111111111,1.06698,0.4107,68.65,0.0,0.66136,0.9671111111111113
gp_nei,none,gp_nei,0.4,50000,0.80306,0.2782,0.038177777777777776,1.76652,1.1345,40.81,0.0,0.80306,0.8694444444444445
gp_nei,none,gp_nei,0.6,50000,0.92994,0.3944,0.05538333333333334,2.15116,1.5959,27.33,0.0,0.92994,0.8055555555555556
gp_nei,none,gp_nei,0.8,50000,1.05582,0.5153,0.07447222222222222,2.36918,1.8811,22.79,0.0,1.05582,0.7605555555555555
gp_nei,none,gp_nei,1.0,50000,1.13842,0.63,0.09058333333333334,2.54288,2.1003,17.73,0.0,1.13842,0.7284444444444443
gp_nei,none,gp_nei,-1.0,300000,0.85092,0.33166666666666667,0.04674074074074074,1.7440366666666667,1.1871833333333333,46.208333333333336,0.0,0.85092,0.8551851851851853
gp_onehot,none,gp_onehot,0.0,50000,0.52856,0.0006,8.888888888888888e-05,0.56682,0.0003,99.97,0.0,0.52856,1.0
gp_onehot,none,gp_onehot,0.2,50000,1.36382,0.9256,0.15195555555555557,1.3358,0.7778,41.949999999999996,0.0,1.36382,0.996
gp_onehot,none,gp_onehot,0.4,50000,1.8257,1.5386,0.24932777777777773,2.0932,1.6012,19.96,0.0,1.8257,0.9333333333333335
gp_onehot,none,gp_onehot,0.6,50000,2.06692,1.8439,0.3058,2.51066,2.1031,12.16,0.0,2.06692,0.8708888888888889
gp_onehot,none,gp_onehot,0.8,50000,2.14742,1.9221,0.3242111111111111,2.68924,2.3199,9.58,0.0,2.14742,0.833
gp_onehot,none,gp_onehot,1.0,50000,2.21928,2.004,0.3365944444444445,2.86816,2.519,8.0,0.0,2.21928,0.7922222222222222
gp_onehot,none,gp_onehot,-1.0,300000,1.69195,1.3724666666666667,0.2279962962962963,2.0106466666666667,1.55355,31.936666666666667,0.0,1.69195,0.9042407407407407
gp_ts,none,gp_ts,0.0,50000,0.67,0.0116,0.0014999999999999998,0.67304,0.0056,99.44,0.0,0.67,1.0
gp_ts,none,gp_ts,0.2,50000,1.35502,0.672,0.08878888888888889,1.29638,0.4504,64.03,0.0,1.35502,0.9878888888888889
gp_ts,none,gp_ts,0.4,50000,2.0106,1.2417,0.18065555555555557,2.02772,1.1304,39.410000000000004,0.0,2.0106,0.9277777777777778
gp_ts,none,gp_ts,0.6,50000,2.50224,1.7862,0.28222222222222226,2.50246,1.7136,25.27,0.0,2.50224,0.8625555555555556
gp_ts,none,gp_ts,0.8,50000,2.82524,2.1889,0.34917222222222216,2.84496,2.1488,18.0,0.0,2.82524,0.7993333333333333
gp_ts,none,gp_ts,1.0,50000,2.96752,2.3987,0.3810222222222222,2.99116,2.3604,15.43,0.0,2.96752,0.7795555555555557
gp_ts,none,gp_ts,-1.0,300000,2.0551033333333333,1.3831833333333334,0.2138935185185185,2.0559533333333335,1.3015333333333334,43.596666666666664,0.0,2.0551033333333333,0.8928518518518519
gp_ucb,none,gp_ucb,0.0,50000,0.44736,0.0,0.0,0.63996,0.088,91.8,0.0,0.44736,0.9864444444444443
gp_ucb,none,gp_ucb,0.2,50000,0.62984,0.116,0.014277777777777776,1.02424,0.3256,74.92999999999999,0.0,0.62984,0.9732222222222222
gp_ucb,none,gp_ucb,0.4,50000,0.76246,0.2271,0.03018888888888889,1.73342,1.1046,40.62,0.0,0.76246,0.8704444444444446
gp_ucb,none,gp_ucb,0.6,50000,0.8753,0.3184,0.042605555555555556,2.11858,1.5767,27.83,0.0,0.8753,0.7997777777777778
gp_ucb,none,gp_ucb,0.8,50000,0.9805,0.3906,0.053255555555555556,2.37184,1.8954,20.62,0.0,0.9805,0.7491111111111111
gp_ucb,none,gp_ucb,1.0,50000,1.04694,0.4929,0.06976111111111112,2.5843,2.1581,15.959999999999999,0.0,1.04694,0.7032222222222222
gp_ucb,none,gp_ucb,-1.0,300000,0.7904,0.2575,0.03501481481481481,1.74539,1.1914,45.29333333333334,0.0,0.7904,0.8470370370370371
kg,none,kg,0.0,50000,3.2317,3.3466,0.5064777777777777,2.5756,2.558,22.33,0.0,3.2317,1.0
kg,none,kg,0.2,50000,2.73292,3.2431,0.5765611111111111,2.4175,2.646,4.22,0.0,2.73292,0.975
kg,none,kg,0.4,50000,2.71768,3.1233,0.5404555555555556,2.70696,2.8007,4.7,0.0,2.71768,0.8817777777777779
kg,none,kg,0.6,50000,2.81762,3.1606,0.5265555555555556,2.93038,2.9776,5.0,0.0,2.81762,0.7997777777777777
kg,none,kg,0.8,50000,2.87366,3.131,0.5136611111111111,3.07866,3.0708,4.79,0.0,2.87366,0.721111111111111
kg,none,kg,1.0,50000,2.93544,3.2254,0.5201055555555555,3.19736,3.2006,4.18,0.0,2.93544,0.6747777777777777
kg,none,kg,-1.0,300000,2.8848366666666667,3.205,0.5306361111111111,2.8177433333333335,2.8756166666666667,7.536666666666666,0.0,2.8848366666666667,0.8420740740740741
linucb,none,linucb,0.0,50000,0.43768,0.0,0.0,0.4758,0.038,96.2,0.0,0.43768,0.9883333333333333
linucb,none,linucb,0.2,50000,0.8776,0.305,0.03546111111111111,1.06216,0.4606,70.76,0.0,0.8776,0.963
linucb,none,linucb,0.4,50000,1.54286,1.1761,0.14900555555555553,1.92458,1.5053,36.120000000000005,0.0,1.54286,0.8548888888888889
linucb,none,linucb,0.6,50000,1.95274,1.6764,0.22348888888888888,2.4281,2.1081,22.1,0.0,1.95274,0.7594444444444445
linucb,none,linucb,0.8,50000,2.15038,1.9079,0.2587777777777777,2.72142,2.5005,14.719999999999999,0.0,2.15038,0.6965555555555556
linucb,none,linucb,1.0,50000,2.25374,2.0366,0.2768555555555556,2.8742,2.6592,12.5,0.0,2.25374,0.6574444444444444
linucb,none,linucb,-1.0,300000,1.5358333333333334,1.1836666666666666,0.1572648148148148,1.9143766666666666,1.5452833333333333,42.06666666666667,0.0,1.5358333333333334,0.8199444444444445
neurallinear,none,neurallinear,0.0,50000,0.7725,0.0368,0.0069277777777777775,1.03688,0.2467,78.59,0.0,0.7725,0.9613333333333333
neurallinear,none,neurallinear,0.2,50000,0.93332,0.0981,0.012683333333333335,1.41802,0.6667,53.63,0.0,0.93332,0.913
neurallinear,none,neurallinear,0.4,50000,1.46246,0.6514,0.08865555555555554,2.06142,1.4315,29.86,0.0,1.46246,0.8073333333333333
neurallinear,none,neurallinear,0.6,50000,1.82608,1.14,0.16129444444444443,2.40552,1.8807,21.98,0.0,1.82608,0.7433333333333333
neurallinear,none,neurallinear,0.8,50000,2.05612,1.4546,0.21698888888888887,2.69416,2.2863,11.73,0.0,2.05612,0.6695555555555556
neurallinear,none,neurallinear,1.0,50000,2.22902,1.6983,0.25678333333333336,2.85664,2.5045,8.690000000000001,0.0,2.22902,0.6307777777777779
neurallinear,none,neurallinear,-1.0,300000,1.5465833333333334,0.8465333333333334,0.12388888888888888,2.0787733333333334,1.5027333333333333,34.08,0.0,1.5465833333333334,0.7875555555555557
ols,none,ols,0.0,50000,1.82028,1.8536,0.3709444444444444,3.06808,2.644,2.09,0.0,1.82028,0.9355555555555556
ols,none,ols,0.2,50000,1.81954,1.8506,0.36935,3.27374,3.0192,2.22,0.0,1.81954,0.8345555555555556
ols,none,ols,0.4,50000,1.82388,1.8608,0.3715111111111111,3.52212,3.3562,2.2399999999999998,0.0,1.82388,0.7315555555555555
ols,none,ols,0.6,50000,1.827,1.8552,0.3697944444444444,3.66346,3.5347,2.32,0.0,1.827,0.647
ols,none,ols,0.8,50000,1.82686,1.8626,0.3723,3.76198,3.7347,2.07,0.0,1.82686,0.594
ols,none,ols,1.0,50000,1.82906,1.8674,0.3725833333333333,3.82724,3.7574,2.04,0.0,1.82906,0.5485555555555557
ols,none,ols,-1.0,300000,1.8244366666666667,1.8583666666666667,0.3710805555555556,3.5194366666666665,3.3410333333333333,2.1633333333333336,0.0,1.8244366666666667,0.7152037037037038
purexp,none,purexp,0.0,50000,3.99488,4.0306,0.6812722222222223,4.03966,4.0627,1.05,0.0,3.99488,1.0
purexp,none,purexp,0.2,50000,3.99292,4.0454,0.6823055555555555,4.03622,4.0374,1.17,0.0,3.99292,0.9778888888888889
purexp,none,purexp,0.4,50000,3.98988,4.0064,0.6754333333333334,4.03118,4.0153,1.15,0.0,3.98988,0.8804444444444446
purexp,none,purexp,0.6,50000,3.99176,4.0254,0.6801,4.03264,4.0285,1.29,0.0,3.99176,0.8142222222222222
purexp,none,purexp,0.8,50000,3.9939,4.038,0.6819000000000001,4.03354,4.0312,1.26,0.0,3.9939,0.7415555555555555
purexp,none,purexp,1.0,50000,3.99064,4.0227,0.6777611111111111,4.03408,4.0245,1.16,0.0,3.99064,0.7053333333333333
purexp,none,purexp,-1.0,300000,3.99233,4.028083333333333,0.6797953703703703,4.034553333333333,4.033266666666667,1.18,0.0,3.99233,0.8532407407407407
random,none,random,0.0,50000,4.039,4.0415,0.6802833333333334,4.04856,4.0439,1.23,0.0,4.039,0.32755555555555554
random,none,random,0.2,50000,4.03274,4.0264,0.6793388888888888,4.03506,4.036,1.1900000000000002,0.0,4.03274,0.3311111111111111
random,none,random,0.4,50000,4.03798,4.0423,0.6804333333333333,4.0308,4.0393,1.23,0.0,4.03798,0.3182222222222222
random,none,random,0.6,50000,4.0381,4.0404,0.6806166666666666,4.03268,4.035,1.26,0.0,4.0381,0.31344444444444447
random,none,random,0.8,50000,4.03214,4.0259,0.6799722222222223,4.04002,4.0289,1.28,0.0,4.03214,0.3251111111111111
random,none,random,1.0,50000,4.03516,4.0493,0.6837277777777777,4.03628,4.0384,1.05,0.0,4.03516,0.32955555555555555
random,none,random,-1.0,300000,4.035853333333334,4.037633333333333,0.6807287037037038,4.037233333333333,4.0369166666666665,1.2066666666666666,0.0,4.035853333333334,0.32416666666666666
regevo,none,regevo,0.0,50000,2.6552,2.3597,0.43907777777777773,2.49992,1.8915,4.8,0.0,2.6552,0.958
regevo,none,regevo,0.2,50000,2.70224,2.434,0.4471,2.7031,2.2291,4.18,0.0,2.70224,0.8725555555555556
regevo,none,regevo,0.4,50000,2.7589,2.4542,0.4488111111111111,2.93478,2.5154,4.569999999999999,0.0,2.7589,0.7522222222222222
regevo,none,regevo,0.6,50000,2.81106,2.5049,0.45894444444444443,3.08506,2.7406,3.6700000000000004,0.0,2.81106,0.6783333333333332
regevo,none,regevo,0.8,50000,2.84638,2.559,0.46699444444444443,3.1928,2.8844,3.19,0.0,2.84638,0.6233333333333333
regevo,none,regevo,1.0,50000,2.8561,2.5817,0.4719555555555556,3.24988,2.9627,3.3000000000000003,0.0,2.8561,0.5946666666666666
regevo,none,regevo,-1.0,300000,2.771646666666667,2.48225,0.45548055555555556,2.9442566666666665,2.5372833333333333,3.9516666666666667,0.0,2.771646666666667,0.7465185185185186
sa,none,sa,0.0,50000,1.44458,1.6472,0.32686111111111116,2.30702,1.2955,0.58,0.0,1.44458,0.9737777777777779
sa,none,sa,0.2,50000,1.4938,1.6438,0.32739444444444443,2.61516,2.0049,2.48,0.0,1.4938,0.8618888888888889
sa,none,sa,0.4,50000,1.50982,1.6181,0.3194555555555556,2.87542,2.4543,3.7699999999999996,0.0,1.50982,0.7568888888888888
sa,none,sa,0.6,50000,1.5208,1.5962,0.3149,3.0466,2.7832,3.6799999999999997,0.0,1.5208,0.6618888888888887
sa,none,sa,0.8,50000,1.51682,1.5945,0.3155722222222222,3.19038,2.9356,4.2,0.0,1.51682,0.6165555555555554
sa,none,sa,1.0,50000,1.51656,1.5862,0.3148944444444444,3.27566,3.0611,3.47,0.0,1.51656,0.5714444444444444
sa,none,sa,-1.0,300000,1.5003966666666666,1.6143333333333334,0.3198462962962963,2.88504,2.422433333333333,3.0300000000000002,0.0,1.5003966666666666,0.7404074074074074
smac,none,smac,0.0,50000,3.99474,4.0297,0.6776055555555556,3.18498,2.8743,14.31,0.0,3.99474,0.9101111111111111
smac,none,smac,0.2,50000,4.00412,4.0415,0.6807500000000001,3.38774,3.1953,8.51,0.0,4.00412,0.834
smac,none,smac,0.4,50000,3.98528,4.0227,0.6777944444444445,3.4715,3.3001,4.54,0.0,3.98528,0.7573333333333334
smac,none,smac,0.6,50000,3.99682,4.0387,0.6800444444444445,3.50966,3.3771,3.3300000000000005,0.0,3.99682,0.6942222222222222
smac,none,smac,0.8,50000,3.9922,4.0426,0.6821833333333333,3.5368,3.3842,2.59,0.0,3.9922,0.649888888888889
smac,none,smac,1.0,50000,3.99054,4.0306,0.6796444444444445,3.57326,3.477,2.33,0.0,3.99054,0.6197777777777779
smac,none,smac,-1.0,300000,3.99395,4.0343,0.6796703703703704,3.44399,3.268,5.935,0.0,3.99395,0.7442222222222221
sts,none,sts,0.0,50000,1.0475,0.0225,0.002533333333333333,0.9319,0.0126,99.06,0.0,1.0475,1.0
sts,none,sts,0.2,50000,2.13896,1.7124,0.21811666666666665,1.85634,1.3317,52.96999999999999,0.0,2.13896,0.9674444444444446
sts,none,sts,0.4,50000,2.82446,2.6826,0.3774388888888889,2.5934,2.347,29.459999999999997,0.0,2.82446,0.863
sts,none,sts,0.6,50000,3.0967,3.0321,0.45279444444444444,2.95032,2.7537,18.39,0.0,3.0967,0.7826666666666666
sts,none,sts,0.8,50000,3.2211,3.1729,0.4883166666666666,3.15074,3.0135,10.89,0.0,3.2211,0.712
sts,none,sts,1.0,50000,3.2953,3.281,0.5098944444444445,3.2623,3.1344,8.870000000000001,0.0,3.2953,0.655
sts,none,sts,-1.0,300000,2.6040033333333334,2.31725,0.34151574074074076,2.4575,2.0988166666666666,36.60666666666666,0.0,2.6040033333333334,0.8300185185185186
