,dreamteam,cocabo,gp_onehot,casmopolitan,gp_ts,gp_nei,purexp,gp_ucb,kg,bocs,sts,linucb,cucb,glm_fpl,bootnn,bayesgap,neurallinear,cts,bocs_hs,regevo,smac,sa,ols,combo,combo_slice,random
dreamteam,,0.5375,0.599,0.6141666666666666,0.6146666666666667,0.6835,0.6785,0.7006666666666667,0.7038333333333333,0.7125,0.7131666666666666,0.73,0.7766666666666666,0.765,0.7693333333333333,0.791,0.7811666666666667,0.7835,0.7855,0.8345,0.844,0.8353333333333334,0.8425,0.9036666666666666,0.8941666666666667,0.9905
cocabo,0.4625,,0.563,0.5823333333333334,0.5873333333333334,0.6633333333333333,0.6548333333333334,0.6755,0.683,0.6906666666666667,0.6948333333333333,0.715,0.748,0.749,0.7523333333333333,0.7763333333333333,0.7656666666666667,0.7645,0.7695,0.8273333333333334,0.8258333333333333,0.8285,0.8388333333333333,0.8951666666666667,0.885,0.987
gp_onehot,0.401,0.437,,0.519,0.5215,0.6046666666666667,0.596,0.6241666666666666,0.6285,0.6436666666666667,0.6433333333333333,0.6651666666666667,0.689,0.7001666666666667,0.7088333333333333,0.7291666666666666,0.723,0.7181666666666666,0.7376666666666667,0.7906666666666666,0.7938333333333333,0.7978333333333333,0.815,0.8708333333333333,0.866,0.9823333333333333
casmopolitan,0.3858333333333333,0.4176666666666667,0.481,,0.5091666666666667,0.5933333333333334,0.583,0.6073333333333333,0.6166666666666667,0.6325,0.6353333333333333,0.6483333333333333,0.6766666666666666,0.6846666666666666,0.6968333333333333,0.7175,0.712,0.7098333333333333,0.7223333333333334,0.7801666666666667,0.7821666666666667,0.7895,0.8051666666666667,0.8633333333333333,0.8566666666666667,0.9788333333333333
gp_ts,0.38533333333333336,0.4126666666666667,0.4785,0.49083333333333334,,0.5816666666666667,0.5766666666666667,0.5968333333333333,0.608,0.6218333333333333,0.6236666666666667,0.646,0.6655,0.682,0.6891666666666667,0.711,0.7016666666666667,0.7005,0.7173333333333334,0.7791666666666667,0.7805,0.7803333333333333,0.8058333333333333,0.863,0.8553333333333333,0.981
gp_nei,0.3165,0.33666666666666667,0.3953333333333333,0.4066666666666667,0.41833333333333333,,0.49566666666666664,0.5141666666666667,0.5263333333333333,0.5433333333333333,0.5485,0.5673333333333334,0.5948333333333333,0.6081666666666666,0.6178333333333333,0.6403333333333333,0.6355,0.6375,0.6543333333333333,0.7171666666666666,0.7168333333333333,0.729,0.759,0.8321666666666667,0.8275,0.9723333333333334
purexp,0.3215,0.3451666666666667,0.404,0.417,0.42333333333333334,0.5043333333333333,,0.5185,0.5273333333333333,0.5421666666666667,0.5511666666666667,0.567,0.594,0.605,0.6178333333333333,0.6398333333333334,0.6353333333333333,0.6313333333333333,0.6475,0.7111666666666666,0.7125,0.7186666666666667,0.746,0.8093333333333333,0.805,0.9661666666666666
gp_ucb,0.29933333333333334,0.3245,0.37583333333333335,0.39266666666666666,0.4031666666666667,0.48583333333333334,0.4815,,0.511,0.531,0.5381666666666667,0.5536666666666666,0.5776666666666667,0.5933333333333334,0.6043333333333333,0.6281666666666667,0.6206666666666667,0.6243333333333333,0.6405,0.7006666666666667,0.7038333333333333,0.7145,0.7418333333333333,0.8185,0.817,0.9705
kg,0.2961666666666667,0.317,0.3715,0.38333333333333336,0.392,0.4736666666666667,0.4726666666666667,0.489,,0.526,0.5286666666666666,0.5468333333333333,0.5688333333333333,0.5838333333333333,0.5938333333333333,0.6138333333333333,0.6138333333333333,0.6136666666666667,0.6311666666666667,0.6978333333333333,0.6995,0.7066666666666667,0.7395,0.8038333333333333,0.8031666666666667,0.964
bocs,0.2875,0.30933333333333335,0.35633333333333334,0.3675,0.37816666666666665,0.45666666666666667,0.4578333333333333,0.469,0.474,,0.5036666666666667,0.5235,0.5495,0.5605,0.5686666666666667,0.5906666666666667,0.5923333333333334,0.5968333333333333,0.6096666666666667,0.6773333333333333,0.6721666666666667,0.6851666666666667,0.7195,0.7866666666666666,0.7848333333333334,0.958
sts,0.28683333333333333,0.30516666666666664,0.3566666666666667,0.36466666666666664,0.37633333333333335,0.4515,0.4488333333333333,0.4618333333333333,0.4713333333333333,0.49633333333333335,,0.5155,0.547,0.5523333333333333,0.5676666666666667,0.5906666666666667,0.5875,0.5893333333333334,0.6048333333333333,0.6678333333333333,0.669,0.6783333333333333,0.7166666666666667,0.781,0.7778333333333334,0.9551666666666667
linucb,0.27,0.285,0.3348333333333333,0.3516666666666667,0.354,0.43266666666666664,0.433,0.44633333333333336,0.45316666666666666,0.4765,0.4845,,0.527,0.5396666666666666,0.5528333333333333,0.5738333333333333,0.5681666666666667,0.5725,0.596,0.6603333333333333,0.6536666666666666,0.6615,0.702,0.7713333333333333,0.7725,0.9548333333333333
cucb,0.22333333333333333,0.252,0.311,0.3233333333333333,0.3345,0.4051666666666667,0.406,0.42233333333333334,0.43116666666666664,0.4505,0.453,0.473,,0.49833333333333335,0.5121666666666667,0.5358333333333334,0.5311666666666667,0.5695,0.5561666666666667,0.6118333333333333,0.6166666666666667,0.6268333333333334,0.6733333333333333,0.775,0.7791666666666667,0.965
glm_fpl,0.235,0.251,0.29983333333333334,0.31533333333333335,0.318,0.3918333333333333,0.395,0.4066666666666667,0.4161666666666667,0.4395,0.44766666666666666,0.4603333333333333,0.5016666666666667,,0.5141666666666667,0.541,0.5303333333333333,0.5525,0.5645,0.618,0.624,0.6283333333333333,0.6726666666666666,0.7591666666666667,0.7598333333333334,0.9501666666666667
bootnn,0.23066666666666666,0.24766666666666667,0.2911666666666667,0.30316666666666664,0.31083333333333335,0.38216666666666665,0.38216666666666665,0.39566666666666667,0.4061666666666667,0.43133333333333335,0.43233333333333335,0.44716666666666666,0.48783333333333334,0.48583333333333334,,0.5268333333333334,0.5191666666666667,0.5421666666666667,0.5505,0.6086666666666667,0.6138333333333333,0.6146666666666667,0.6621666666666667,0.7438333333333333,0.7426666666666667,0.9503333333333334
bayesgap,0.209,0.22366666666666668,0.2708333333333333,0.2825,0.289,0.3596666666666667,0.3601666666666667,0.37183333333333335,0.38616666666666666,0.4093333333333333,0.4093333333333333,0.4261666666666667,0.46416666666666667,0.459,0.4731666666666667,,0.49366666666666664,0.5256666666666666,0.5218333333333334,0.5798333333333333,0.592,0.5913333333333334,0.6443333333333333,0.7498333333333334,0.7545,0.9545
neurallinear,0.21883333333333332,0.23433333333333334,0.277,0.288,0.29833333333333334,0.3645,0.36466666666666664,0.37933333333333336,0.38616666666666666,0.4076666666666667,0.4125,0.43183333333333335,0.4688333333333333,0.4696666666666667,0.48083333333333333,0.5063333333333333,,0.5221666666666667,0.5273333333333333,0.588,0.5943333333333334,0.5956666666666667,0.6463333333333333,0.728,0.7275,0.943
cts,0.2165,0.2355,0.2818333333333333,0.2901666666666667,0.2995,0.3625,0.36866666666666664,0.37566666666666665,0.3863333333333333,0.4031666666666667,0.4106666666666667,0.4275,0.4305,0.4475,0.4578333333333333,0.47433333333333333,0.47783333333333333,,0.49966666666666665,0.5493333333333333,0.5583333333333333,0.564,0.6078333333333333,0.71,0.7206666666666667,0.95
bocs_hs,0.2145,0.2305,0.2623333333333333,0.2776666666666667,0.2826666666666667,0.3456666666666667,0.3525,0.3595,0.36883333333333335,0.3903333333333333,0.39516666666666667,0.404,0.44383333333333336,0.4355,0.4495,0.4781666666666667,0.4726666666666667,0.5003333333333333,,0.5495,0.5606666666666666,0.5583333333333333,0.6115,0.7051666666666667,0.7096666666666667,0.932
regevo,0.1655,0.17266666666666666,0.20933333333333334,0.21983333333333333,0.22083333333333333,0.2828333333333333,0.28883333333333333,0.29933333333333334,0.30216666666666664,0.32266666666666666,0.33216666666666667,0.3396666666666667,0.38816666666666666,0.382,0.3913333333333333,0.4201666666666667,0.412,0.45066666666666666,0.4505,,0.5118333333333334,0.5103333333333333,0.5713333333333334,0.6775,0.6795,0.9301666666666667
smac,0.156,0.17416666666666666,0.20616666666666666,0.21783333333333332,0.2195,0.2831666666666667,0.2875,0.2961666666666667,0.3005,0.3278333333333333,0.331,0.3463333333333333,0.38333333333333336,0.376,0.38616666666666666,0.408,0.4056666666666667,0.44166666666666665,0.43933333333333335,0.4881666666666667,,0.5008333333333334,0.5585,0.6706666666666666,0.681,0.9346666666666666
sa,0.16466666666666666,0.1715,0.20216666666666666,0.2105,0.21966666666666668,0.271,0.2813333333333333,0.2855,0.29333333333333333,0.31483333333333335,0.32166666666666666,0.3385,0.37316666666666665,0.37166666666666665,0.38533333333333336,0.4086666666666667,0.4043333333333333,0.436,0.44166666666666665,0.48966666666666664,0.49916666666666665,,0.5601666666666667,0.6598333333333334,0.664,0.9266666666666666
ols,0.1575,0.16116666666666668,0.185,0.19483333333333333,0.19416666666666665,0.241,0.254,0.25816666666666666,0.2605,0.2805,0.2833333333333333,0.298,0.32666666666666666,0.3273333333333333,0.3378333333333333,0.3556666666666667,0.3536666666666667,0.39216666666666666,0.3885,0.42866666666666664,0.4415,0.43983333333333335,,0.6133333333333333,0.6196666666666667,0.9035
combo,0.09633333333333334,0.10483333333333333,0.12916666666666668,0.13666666666666666,0.137,0.16783333333333333,0.19066666666666668,0.1815,0.19616666666666666,0.21333333333333335,0.219,0.22866666666666666,0.225,0.24083333333333334,0.25616666666666665,0.25016666666666665,0.272,0.29,0.29483333333333334,0.3225,0.3293333333333333,0.3401666666666667,0.38666666666666666,,0.5198333333333334,0.8825
combo_slice,0.10583333333333333,0.115,0.134,0.14333333333333334,0.14466666666666667,0.1725,0.195,0.183,0.19683333333333333,0.21516666666666667,0.22216666666666668,0.2275,0.22083333333333333,0.24016666666666667,0.25733333333333336,0.2455,0.2725,0.2793333333333333,0.29033333333333333,0.3205,0.319,0.336,0.38033333333333336,0.4801666666666667,,0.8753333333333333
random,0.0095,0.013,0.017666666666666667,0.021166666666666667,0.019,0.027666666666666666,0.03383333333333333,0.0295,0.036,0.042,0.044833333333333336,0.04516666666666667,0.035,0.049833333333333334,0.049666666666666665,0.0455,0.057,0.05,0.068,0.06983333333333333,0.06533333333333333,0.07333333333333333,0.0965,0.1175,0.12466666666666666,
